CUST_UNQ_ID,CUST_ID,LEAD_ID,BATCH_ID,DEAL_ID_APP_ID,PSX_BATCH_ID,NAME,EMPLOYER_NAME,RELATION_NAME,FIRST_NAME,MIDDLE_NAME,LAST_NAME,EXTRA_NAME_1,EXTRA_NAME_2,DOB_DOI,PAN,PASSPORT,VOTER_ID,AADHAAR,DRIVING_LICENSE,RATION_CARD,NREGA,CIN,GSTIN,TAN,BANK_ACCOUNT_NUMBER,LOYALITY_NUMBER,UCIC,CREDIT_CARD_NUMBER,DG_FILLER_COLUMN_1,DG_FILLER_COLUMN_2,DG_FILLER_COLUMN_3,DG_FILLER_COLUMN_4,DG_FILLER_COLUMN_5,DG_FILLER_COLUMN_6,DG_FILLER_COLUMN_7,DG_FILLER_COLUMN_8,DG_FILLER_COLUMN_9,DG_FILLER_COLUMN_10,SOURCE_SYSTEM,CUSTOMER_CATEGORY,GENDER,CUSTOMER_TYPE,RELATION_TYPE,CUSTOMER_STATUS,NAME_SALUTATION,REMARKS,Office_ADDRESS,Residence_CITY,Residence_PINCODE,Residence_STATE,Residence_COUNTRY,Residence_ADDRESS_TYPE,Residence_ADDRESS,ADDRESS_LINE_3,Office_PHONE,Residence_PHONE_TYPE,Residence_EMAIL_ID,Residence_EMAIL_TYPE,RPT_FILLER_COLUMN_1,RPT_FILLER_COLUMN_2,RPT_FILLER_COLUMN_3,RPT_FILLER_COLUMN_4,RPT_FILLER_COLUMN_5
I001,C_I_1,L_I_1,B_I_1,D_I_1,PS_B_1,sai,roshan,raashi,sai,Arnav Verma,Aarav Sharma,Aarush Mehta,Arjun Iyer,15-08-1987,AONPK1325D,PA5243510,EPIC/3875 8233,234567890123,APBZA3234567688,27452910384,6294875103,U54127MH2023PTC,23857402931,QWED56453K,ABN456987213,LOYAL30251687,UCIC300014592,4021567890123456,DG_1_1,DG_2_1,DG_3_1,DG_4_1,DG_5_1,DG_6_1,DG_7_1,DG_8_1,DG_9_1,DG_10_1,Finacle,Co-Applicant,Female,Individual,Mother,Y,Mr,REMARK_1,"21-4-567/32S, Lakshmi Nagar, Near Star Hospital, Kalasiguda, Secunderabad",Rajkot,110001,Andhra Pradesh,I@n#d!a,TEMPORARY,"123, Gokul Apartments, MG Road, Bengaluru, Karnataka 560001",Tolichowki,040-12345678,PERSONAL,user123@example.com,TEMPORARY,RPT_1_1,RPT_2_1,RPT_3_1,RPT_4_1,RPT_5_1
I002,C_I_2,L_I_2,B_I_2,D_I_2,PS_B_2,sai kiran,rishi,kasi,ka,Aisha Sharma,Nidhi Kapoor,Anika Bansal,Aanya Mehta,22-11-2002,DYKPS1459A,PA5243525,EPIC/5410 4674,876543210987,TSHYD6856324536,23501789235,8150349627,U89346TN2018PTC,89021634750,NGPO02915U,HDFC22233358,LOYAL86541320,UCIC300014593,5189247635901278,DG_1_2,DG_2_2,DG_3_2,DG_4_2,DG_5_2,DG_6_2,DG_7_2,DG_8_2,DG_9_2,DG_10_2,Finacle,Co-Applicant,Male,Individual,Father,Y,Mrs,REMARK_2,"8-3-432/19N, Vinayak Colony, Opposite Green Park, Ameerpet, Hyderabad",Bhopal,201301,Arunachal Pradesh,I^ND~IA,PERMANENT,"A-456, Tulsi Vihar, Sector 22, Noida, Uttar Pradesh 201301",Madhapur,040-23456789,RESIDENCE,john.doe456@gmail.com,PERMANENT,RPT_1_2,RPT_2_2,RPT_3_2,RPT_4_2,RPT_5_2
I003,C_I_3,L_I_3,B_I_3,D_I_3,PS_B_3,sai kiran reddy,keshav,sharath,sha,Rohit Kapoor,Arjun Verma,Rohit Verma,Varun Thakur,09-02-1998,CNXJQ2387B,PA5243540,EPIC/2098 6152,456789012345,MHMUM797567249,43629187502,3572964810,U20789KA2015PTC,46218509374,RTYU74382P,SBI974562256,LOYAL14987635,UCIC300014594,6378120498562314,DG_1_3,DG_2_3,DG_3_3,DG_4_3,DG_5_3,DG_6_3,DG_7_3,DG_8_3,DG_9_3,DG_10_3,Finacle,Co-Applicant,Male,Individual,Guardian,N,Ms,REMARK_3,"12-5-678/45W, Sai Nagar, Near Kalyani Theatre, Kukatpally, Hyderabad",Jodhpur,400001,Assam,I-n_d_i_a,TEMPORARY,"789, Radha Niwas, Sion-Trombay Road, Mumbai, Maharashtra 400071",Yousufguda,040-34567890,OFFICE,emily.smith789@hotmail.com,OFFICE,RPT_1_3,RPT_2_3,RPT_3_3,RPT_4_3,RPT_5_3
I004,C_I_4,L_I_4,B_I_4,D_I_4,PS_B_4,sai reddy,kiran,ramehs,ram,Sneha Singh,Ananya Bansal,Ishita Kapoor,Nandini Kapoor,25-06-1975,LMRKT3096C,PA5243567,EPIC/6932 1287,789012345678,KLPKL9812345670,13984620357,2405968137,U63218GJ2012PTC,71534962087,LKJH09123M,ICICI78901234,LOYAL70893421,UCIC300014595,8213456709345678,DG_1_4,DG_2_4,DG_3_4,DG_4_4,DG_5_4,DG_6_4,DG_7_4,DG_8_4,DG_9_4,DG_10_4,CRMS,Co-Applicant,Male,Individual,Spouse,Y,Sri,REMARK_4,"15-2-345/67A, Jubilee Hills, Beside Harmony Mall, Banjara Hills, Hyderabad",Coimbatore,500001,Bihar,I_N-D-I_A,PERMANENT,"B-101, Sunrise Enclave, Sector 15, Chandigarh 160015",Nampally,040-45678901,RESIDENCE,sarah.jones23@yahoo.com,PERSONAL,RPT_1_4,RPT_2_4,RPT_3_4,RPT_4_4,RPT_5_4
I005,C_I_6,L_I_6,B_I_6,D_I_6,PS_B_6,p sai,rishikesh,rammy,ramu,Priya Iyer,Priya Mehra,Nidhi Iyer,Kavya Verma,02-04-1984,QWEAZ5264F,PA5243612,EPIC/1467 9845,987654321234,WNRCH2345678901,23521649753,1738256940,U76590DL2020PTC,38475021693,XCVB12876A,PNB123456789,LOYAL98324517,UCIC300014597,7048152396782051,DG_1_6,DG_2_6,DG_3_6,DG_4_6,DG_5_6,DG_6_6,DG_7_6,DG_8_6,DG_9_6,DG_10_6,Finacle,Co-Applicant,Female,Corporate,Spouse,Y,Mr,REMARK_6,"17-3-123/54C, Vikas Nagar, Opposite Liberty Hospital, Sanath Nagar, Hyderabad",Kochi,700001,Goa,I-N-D-I-A,TEMPORARY,"C-23, Silver Springs, Wakad, Pune, Maharashtra 411057",Sainikpuri,040-67890123,OFFICE,lisa.wilson567@outlook.com,TEMPORARY,RPT_1_6,RPT_2_6,RPT_3_6,RPT_4_6,RPT_5_6
I006,C_I_7,L_I_7,B_I_7,D_I_7,PS_B_7,sai p,rishika,ramu,sai,Kabir Khanna,Aditya Iyer,Arjun Bansal,Rohit Kumar,10-09-2005,JKLOI6352G,PA5243628,EPIC/9356 2108,543210987654,VSDLK7654321987,43701852469,5067291834,U34921RJ2019PTC,50213986475,ZAQW98765B,BOI987654321,LOYAL65472138,UCIC300014598,2693875140123456,DG_1_7,DG_2_7,DG_3_7,DG_4_7,DG_5_7,DG_6_7,DG_7_7,DG_8_7,DG_9_7,DG_10_7,Finacle,Co-Applicant,Male,Corporate,Father,N,Mrs,REMARK_7,"14-6-789/32M, Royal Enclave, Near Mega Mart, Miyapur, Hyderabad",Jamshedpur,800001,Gujarat,I@n%*d!a,PERMANENT,"890, Vishal Residency, Banjara Hills, Hyderabad, Telangana 500034",Miyapur,040-78901234,RESIDENCE,sam.roberts876@gmail.com,OFFICE,RPT_1_7,RPT_2_7,RPT_3_7,RPT_4_7,RPT_5_7
I007,C_I_8,L_I_8,B_I_8,D_I_8,PS_B_8,p sai kiran,likitha,ssai,redy,Nidhi Reddy,Sweta Khanna,Aditi Verma,Tanisha Thakur,05-03-1991,ZXCVB7410H,PA5243641,EPIC/6521 7743,890123456789,ZXCRT8765432190,13049267538,6824513097,U12854MP2014PTC,93746852014,MNBV34567C,YESBANK567890,LOYAL24098153,UCIC300014599,5813249678901234,DG_1_8,DG_2_8,DG_3_8,DG_4_8,DG_5_8,DG_6_8,DG_7_8,DG_8_8,DG_9_8,DG_10_8,CRMS,Co-Applicant,Male,Corporate,Father,Y,Ms,REMARK_8,"10-7-543/21P, Diamond Residency, Beside City Park, Begumpet, Secunderabad",Mangalore,900001,Haryana,I#N_D_I*A,TEMPORARY,"D-345, Golden Greens, Sector 45, Gurgaon, Haryana 122001",Attapur,040-89012345,PERSONAL,anna.miller234@hotmail.com,PERSONAL,RPT_1_8,RPT_2_8,RPT_3_8,RPT_4_8,RPT_5_8
I008,C_I_9,L_I_9,B_I_9,D_I_9,PS_B_9,sai kiran p,likki,sai,reddy,Aditya Bansal,Nidhi Singh,Kabir Kapoor,Vihaan Kapoor,14-06-1980,MNBVC8529I,PA5243666,EPIC/4089 5321,135792468024,QPOWE2345678901,27853491062,9138042576,U96037KL2017PTC,25148703689,ZXCV87654D,IDBI234567890,LOYAL13789642,UCIC300014600,4376902187654321,DG_1_9,DG_2_9,DG_3_9,DG_4_9,DG_5_9,DG_6_9,DG_7_9,DG_8_9,DG_9_9,DG_10_9,Finacle,Co-Applicant,Female,Corporate,Father,Y,Sri,REMARK_9,"18-4-876/23R, Rainbow Colony, Near Community Hall, LB Nagar, Hyderabad",Aurangabad,110002,Himachal Pradesh,I!n_d-i*a,PERMANENT,"101, Jyoti Nagar, Sanganer, Jaipur, Rajasthan 302017",Malkajgiri,040-90123456,OFFICE,brian.walker890@yahoo.com,TEMPORARY,RPT_1_9,RPT_2_9,RPT_3_9,RPT_4_9,RPT_5_9
I009,C_I_10,L_I_10,B_I_10,D_I_10,PS_B_10,reddy p sai,sneha,sai kiran,sneha,Ananya Thakur,Rohan Patel,Priya Joshi,Anushka Bansal,20-03-1999,POIUY9631J,PA5243699,EPIC/7132 4890,246801357901,IUHGD5678901234,23274956810,3749251680,U57320BR2022PTC,67859410253,POIU56789E,CANARA8765432,LOYAL49861325,UCIC300014601,1954678302568743,DG_1_10,DG_2_10,DG_3_10,DG_4_10,DG_5_10,DG_6_10,DG_7_10,DG_8_10,DG_9_10,DG_10_10,Finnone,Co-Applicant,Female,Individual,Mother,N,Smt,REMARK_10,"23-1-432/87Q, Emerald Heights, Opposite Symphony Mall, Kondapur, Hyderabad",Visakhapatnam,201302,Jharkhand,I_N D I A,TEMPORARY,"E-789, Krishna Kunj, Salt Lake City, Kolkata, West Bengal 700091",Chandrayangutta,040-01234567,RESIDENCE,sophia.davis432@gmail.com,OFFICE,RPT_1_10,RPT_2_10,RPT_3_10,RPT_4_10,RPT_5_10
I010,C_I_11,L_I_11,B_I_11,D_I_11,PS_B_11,sai p kiran ,shivani,reddy,pinky,Raghav Patel,Kavya Reddy,Advait Thakur,Yuvraj Verma,07-12-1979,LKJHG7412K,PA5243715,EPIC/2784 6512,111111111111,BCDER7890123456,43820751692,8653127049,U21049TN2011PTC,81492506337,LKJH23456F,UBI876543210,LOYAL76540231,UCIC300014602,8765120349876542,DG_1_11,DG_2_11,DG_3_11,DG_4_11,DG_5_11,DG_6_11,DG_7_11,DG_8_11,DG_9_11,DG_10_11,Finacle,Co-Applicant,Male,Individual,Guardian,N,Mr,REMARK_11,"7-2-345/12K, Serene Apartments, Near Wellness Clinic, Hitech City, Hyderabad",Meerut,400002,Karnataka,I^N_D#I*A,PERMANENT,"234, Ram Nagar, Anna Salai, Chennai, Tamil Nadu 600002",Bowenpally,040-11223344,OFFICE,kevin.white123@hotmail.com,PERMANENT,RPT_1_11,RPT_2_11,RPT_3_11,RPT_4_11,RPT_5_11
I011,C_I_12,L_I_12,B_I_12,D_I_12,PS_B_12,reddy p sai kiran,mounika,ammulu,tarun,Tanvi Malhotra,Rahul Bansal,Sneha Mehta,Ishita Sharma,27-01-1990,QWERT8523L,PA5243730,EPIC/9607 3458,222222222222,XZAQM1234567890,13285674901,1405983762,U49683KA2013PTC,30571968482,RTYU78901G,INDUS456789012,LOYAL35271846,UCIC300014603,3201547865920431,DG_1_12,DG_2_12,DG_3_12,DG_4_12,DG_5_12,DG_6_12,DG_7_12,DG_8_12,DG_9_12,DG_10_12,Finacle,Co-Applicant,Male,Individual,Mother,Y,Mrs,REMARK_12,"19-5-678/43L, Green Valley, Beside Sunshine School, Kukatpally, Hyderabad",Warangal,500002,Kerala,I~N*D@I&A,TEMPORARY,"F-567, Tulip Gardens, Kondapur, Hyderabad, Telangana 500084",Kompally,040-22334455,PERSONAL,olivia.moore678@yahoo.com,TEMPORARY,RPT_1_12,RPT_2_12,RPT_3_12,RPT_4_12,RPT_5_12
I012,C_I_13,L_I_13,B_I_13,D_I_13,PS_B_13,reddy p sai,asritha,pinky,tharun,Varun Kumar,Pooja Joshi,Kavya Bansal,Adarsh Kapoor,03-11-2001,ZXCVB9634M,PA5243755,EPIC/5246 8932,333333333333,PLQWE2345678901,27359108426,7928645103,U78462GJ2010PTC,72983610541,NGPO43210H,KOTAK987654321,LOYAL82749361,UCIC300014604,6437890123456780,DG_1_13,DG_2_13,DG_3_13,DG_4_13,DG_5_13,DG_6_13,DG_7_13,DG_8_13,DG_9_13,DG_10_13,Finacle,Applicant,Female,Individual,Father,N,Ms,REMARK_13,"11-3-210/76S, Harmony Enclave, Opposite Grand Mall, Banjara Hills, Hyderabad",Rajahmundry,600002,Madhya Pradesh,I-N@D!i@a,TEMPORARY,"876, Ganga Residency, Kothrud, Pune, Maharashtra 411038",Moosapet,040-33445566,RESIDENCE,jason.brown345@gmail.com,PERSONAL,RPT_1_13,RPT_2_13,RPT_3_13,RPT_4_13,RPT_5_13
I013,C_I_14,L_I_14,B_I_14,D_I_14,PS_B_14,sai p reddy,aruna ,soumyw,loki,Pooja Sharma,Vikram Mehta,Tanay Iyer,Sneha Iyer,13-05-1976,POIUY2587N,PA5243788,EPIC/1873 4105,444444444444,NMBTY3456789012,23847150236,6052179384,U30978UP2015PTC,14326759840,QWED56789J,BOB2345678901,LOYAL61492738,UCIC300014605,1098267345678902,DG_1_14,DG_2_14,DG_3_14,DG_4_14,DG_5_14,DG_6_14,DG_7_14,DG_8_14,DG_9_14,DG_10_14,CRMS,Applicant,Male,Individual,Mother,Y,Smt,REMARK_14,"14-9-543/21D, Blossom Residency, Near Happy Kids School, Kothapet, Hyderabad",Dhanbad,700002,Maharashtra,I&n#d_i$a,PERMANENT,"G-210, Raj Bhavan Road, Somajiguda, Hyderabad, Telangana 500082",Kachiguda,040-44556677,PERSONAL,emma.taylor901@outlook.com,OFFICE,RPT_1_14,RPT_2_14,RPT_3_14,RPT_4_14,RPT_5_14
I014,C_I_15,L_I_15,B_I_15,D_I_15,PS_B_15,kiran reddy,aruna ,soumya,lokesh,Arjun Bansal,Sneha Khurana,Ananya Khurana,Kabir Bansal,22-08-1987,LKJHG1470O,PA5243801,EPIC/3960 7182,555555555555,ASDFG4567890123,43206591784,3189746052,U67415DL2018PTC,56780431295,MNBV54321L,RBL7654321098,LOYAL13948257,UCIC300014606,8742056193487526,DG_1_15,DG_2_15,DG_3_15,DG_4_15,DG_5_15,DG_6_15,DG_7_15,DG_8_15,DG_9_15,DG_10_15,Finacle,Co-Applicant,Male,Corporate,Spouse,Y,Sri,REMARK_15,"8-6-789/32T, Paradise Heights, Beside Oasis Park, Malkajgiri, Secunderabad",Allahabad,800002,Manipur,I*N&D!A,TEMPORARY,"345, DLF Phase-III, Sector 24, Gurugram, Haryana 122010",Alwal,040-55667788,OFFICE,matthew.hill567@yahoo.com,PERMANENT,RPT_1_15,RPT_2_15,RPT_3_15,RPT_4_15,RPT_5_15
I015,C_I_16,L_I_16,B_I_16,D_I_16,PS_B_16,tharun,arun,rajesh,Pari Iyer,Aaradhya Mehta,Tanvi Kapoor,Aisha Thakur,Pooja Verma,04-02-1978,QWERT3698P,PA5243823,EPIC/8743 1029,666666666666,LKJHG5678901234,13682049573,4971308256,U52369RJ2012PTC,92605847310,ZAQW23456M,UNION87654321,LOYAL52014378,UCIC300014607,5312986740567238,DG_1_16,DG_2_16,DG_3_16,DG_4_16,DG_5_16,DG_6_16,DG_7_16,DG_8_16,DG_9_16,DG_10_16,Finacle,Co-Applicant,Female,Corporate,Spouse,N,Mr,REMARK_16,"22-7-654/98A, Ocean View, Near Infinity Mall, Kompally, Hyderabad",Madurai,900002,Meghalaya,I.n.d.i.a,TEMPORARY,"H-456, Diamond Harbour Road, Behala, Kolkata, West Bengal 700034",Tarnaka,040-66778899,RESIDENCE,ava.green234@gmail.com,TEMPORARY,RPT_1_16,RPT_2_16,RPT_3_16,RPT_4_16,RPT_5_16
I016,C_I_17,L_I_17,B_I_17,D_I_17,PS_B_17,sai tharun,ramesh,rakul,Karthik Bansal,Aryan Joshi,Arnav Bansal,Vikram Khanna,Arnav Thakur,16-03-2005,ZXCVB9512Q,PA5243850,EPIC/5312 6948,777777777777,VBNMK6789012345,27931465082,2386951740,U24578MP2016PTC,48063519276,XCVB78901N,HSBC543210987,LOYAL94761832,UCIC300014608,8705321643987652,DG_1_17,DG_2_17,DG_3_17,DG_4_17,DG_5_17,DG_6_17,DG_7_17,DG_8_17,DG_9_17,DG_10_17,Finacle,Co-Applicant,Male,Corporate,Father,N,Mrs,REMARK_17,"16-2-345/76B, Graceful Gardens, Opposite City Hospital, Kukatpally, Hyderabad",Faridabad,110003,Mizoram,I#N^D!A,PERMANENT,"789, Sai Krupa, Kalyani Nagar, Pune, Maharashtra 411014",Karmanghat,040-77889900,PERSONAL,ethan.johnson789@hotmail.com,PERSONAL,RPT_1_17,RPT_2_17,RPT_3_17,RPT_4_17,RPT_5_17
I017,C_I_18,L_I_18,B_I_18,D_I_18,PS_B_18,adepu sai tharun,ramesh,kajl,Tanvi Thakur,Trisha Khanna,Ayesha Kumar,Sanjana Bansal,Riya Bansal,23-01-1982,POIUY7536R,PA5243877,EPIC/2968 8351,888888888888,ZXCVB7890123456,23968725104,7502183649,U90245KL2013PTC,61520987463,POIU34567P,CITI7890123456,LOYAL67413589,UCIC300014609,3657820198432567,DG_1_18,DG_2_18,DG_3_18,DG_4_18,DG_5_18,DG_6_18,DG_7_18,DG_8_18,DG_9_18,DG_10_18,Finacle,Co-Applicant,Female,Corporate,Mother,Y,Smt,REMARK_18,"13-4-876/23N, Silver Springs, Near Rainbow School, Gachibowli, Hyderabad",Bikaner,201303,Nagaland,I-N-D-I-A,TEMPORARY,"I-101, Pratham Residency, Sector 50, Noida, Uttar Pradesh 201303",Manikonda,040-88990011,OFFICE,mia.jackson345@yahoo.com,OFFICE,RPT_1_18,RPT_2_18,RPT_3_18,RPT_4_18,RPT_5_18
I018,C_I_19,L_I_19,B_I_19,D_I_19,PS_B_19,tarun,ram,kajal,Armaan Khurana,Dev Kapoor,Karthik Thakur,Varun Mehta,Advait Iyer,05-06-1997,LKJHG2587S,PA5243902,EPIC/1085 6274,999999999999,QWERT8901234567,43190587642,9643852170,U36159BR2019PTC,39271804568,RTYU67890Q,IOB1234567890,LOYAL28057361,UCIC300014610,2843615091738452,DG_1_19,DG_2_19,DG_3_19,DG_4_19,DG_5_19,DG_6_19,DG_7_19,DG_8_19,DG_9_19,DG_10_19,Finnone,Co-Applicant,Male,Individual,Guardian,N,Ms,REMARK_19,"9-1-432/65R, Crystal Cove, Beside Dreamland Theater, Jubilee Hills, Hyderabad",Gorakhpur,400003,Odisha,I@n^d%i~a,PERMANENT,"567, Lakshmi Vihar, Gandhipuram, Coimbatore, Tamil Nadu 641012",Nagole,040-99001122,RESIDENCE,william.martin890@gmail.com,TEMPORARY,RPT_1_19,RPT_2_19,RPT_3_19,RPT_4_19,RPT_5_19
I019,C_I_20,L_I_20,B_I_20,D_I_20,PS_B_20,a sai tharun,aramu,agarwal,Aaradhya Reddy,Kavya Singh,Anjali Mehta,Aradhya Thakur,Nisha Mehta,19-07-1970,QWERT1470T,PA5243925,EPIC/7856 3401,100000000000,POIUY9012345678,13476209835,5186342097,U18046TN2020PTC,35782469018,LKJH12345R,DBS8765432109,LOYAL13586924,UCIC300014611,7468109256784301,DG_1_20,DG_2_20,DG_3_20,DG_4_20,DG_5_20,DG_6_20,DG_7_20,DG_8_20,DG_9_20,DG_10_20,CRMS,Applicant,Male,Individual,Spouse,Y,Sri,REMARK_20,"20-5-678/43P, Serenity Plaza, Opposite Urban Park, Madhapur, Hyderabad",Belgaum,500003,Punjab,I@N-D%I&A,TEMPORARY,"J-890, Tulsi Dham, Vasai West, Mumbai, Maharashtra 401201",Hafeezpet,040-00112233,PERSONAL,chloe.morris123@hotmail.com,PERMANENT,RPT_1_20,RPT_2_20,RPT_3_20,RPT_4_20,RPT_5_20
I020,C_I_21,L_I_21,B_I_21,D_I_21,PS_B_21,tharun sai,ramu,nani,Varun Bansal,Yuvraj Verma,Tanisha Iyer,Nisha Verma,Karthik Bansal,27-03-2003,ZXCVB3698U,PA5243940,EPIC/4523 1697,200000000000,MNBVC0123456789,27503841926,3721094856,U49837KA2017PTC,24683095711,ZXCV56789S,UCO4567890123,LOYAL49832716,UCIC300014612,8954261340756382,DG_1_21,DG_2_21,DG_3_21,DG_4_21,DG_5_21,DG_6_21,DG_7_21,DG_8_21,DG_9_21,DG_10_21,Finacle,Applicant,Male,Individual,Spouse,Y,Mr,REMARK_21,"6-3-210/32L, Tranquil Towers, Near Harmony Mall, Kondapur, Hyderabad",Rohtak,600003,Rajasthan,I-N-D-I-A,PERMANENT,"K-123, Green Meadows, HSR Layout, Bengaluru, Karnataka 560102",Serilingampally,040-98765432,RESIDENCE,benjamin.clark456@gmail.com,OFFICE,RPT_1_21,RPT_2_21,RPT_3_21,RPT_4_21,RPT_5_21
I021,C_I_22,L_I_22,B_I_22,D_I_22,PS_B_22,manoj,om kumar reddy,lucky,Pooja Iyer,Anjali Bansal,Vihaan Sharma,Yuvan Bansal,Aisha Thakur,18-11-1971,POIUY6321V,PA5243966,EPIC/6097 5284,300000000000,ZXCVB1234567890,23198465725,8604731952,U74568GJ2014PTC,70928154638,NGPO87654T,CENTRAL9876543,LOYAL76540293,UCIC300014613,7130592846718043,DG_1_22,DG_2_22,DG_3_22,DG_4_22,DG_5_22,DG_6_22,DG_7_22,DG_8_22,DG_9_22,DG_10_22,Finacle,Applicant,Male,Individual,Spouse,N,Ms,REMARK_22,"15-8-543/21R, Regal Residency, Beside Elegant Hospital, Ameerpet, Hyderabad",Nellore,700003,Sikkim,I_n@d%i*a,TEMPORARY,"567, Silver Springs, Gomti Nagar, Lucknow, Uttar Pradesh 226010",Falaknuma,040-87654321,OFFICE,avery.hall789@outlook.com,TEMPORARY,RPT_1_22,RPT_2_22,RPT_3_22,RPT_4_22,RPT_5_22
I022,C_I_23,L_I_23,B_I_23,D_I_23,PS_B_23,manoj kumar,bala,chinnu,Dev Khanna,Kabir Malhotra,Aisha Singh,Pooja Iyer,Rohan Mehta,30-05-1998,LKJHG7410W,PA5243980,EPIC/2478 7635,400000000000,QWERT2345678901,43915670284,2948571306,U31687UP2011PTC,83150476289,QWED23456U,SYNDICATE3210987,LOYAL32170984,UCIC300014614,6293084751362079,DG_1_23,DG_2_23,DG_3_23,DG_4_23,DG_5_23,DG_6_23,DG_7_23,DG_8_23,DG_9_23,DG_10_23,Finacle,Applicant,Female,Individual,Spouse,Y,Mrs,REMARK_23,"17-2-345/76M, Diamond Heights, Opposite Grand Mall, LB Nagar, Hyderabad",Tirupati,800003,Tamil Nadu,I-N-D!A,TEMPORARY,"456, Paradise Enclave, Sector 12, Faridabad, Haryana 121007",Uppal,040-76543210,PERSONAL,victoria.wood234@yahoo.com,PERSONAL,RPT_1_23,RPT_2_23,RPT_3_23,RPT_4_23,RPT_5_23
I023,C_I_24,L_I_24,B_I_24,D_I_24,PS_B_24,tharun,vardhan,chinna,Aisha Mehta,Sneha Iyer,Arjun Khurana,Trisha Mehta,Tanvi Kapoor,09-04-1988,QWERT2587X,PA5244005,EPIC/3146 9852,500000000000,ASDFG3456789012,13054768921,7032159486,U58739DL2013PTC,69482530718,XCVB56789V,VIJAYA890123456,LOYAL86413752,UCIC300014615,1809452783612905,DG_1_24,DG_2_24,DG_3_24,DG_4_24,DG_5_24,DG_6_24,DG_7_24,DG_8_24,DG_9_24,DG_10_24,Finnone,Co-Applicant,Male,Corporate,Spouse,N,Smt,REMARK_24,"12-6-789/43K, Sapphire Apartments, Near City Park, Hitech City, Hyderabad",Bijapur,900003,Telangana,I_n+d_i^a,PERMANENT,"789, Mount View Apartments, Guindy, Chennai, Tamil Nadu 600032",Boduppal,040-65432109,RESIDENCE,logan.harris567@gmail.com,PERMANENT,RPT_1_24,RPT_2_24,RPT_3_24,RPT_4_24,RPT_5_24
I024,C_I_25,L_I_25,B_I_25,D_I_25,PS_B_25,kranthi,reddy,chotu,Rohan Thakur,Rohan Khurana,Pari Verma,Karthik Kapoor,Armaan Thakur,21-09-1977,ZXCVB9631Y,PA5244022,EPIC/8625 4071,600000000000,LKJHG4567890123,27346582019,4512097683,U93214RJ2016PTC,12893467509,ZAQW43210W,KVB5678901234,LOYAL54927836,UCIC300014616,4783561239087541,DG_1_25,DG_2_25,DG_3_25,DG_4_25,DG_5_25,DG_6_25,DG_7_25,DG_8_25,DG_9_25,DG_10_25,Finnone,Co-Applicant,Female,Corporate,Spouse,N,Sri,REMARK_25,"23-5-678/32G, Golden Glades, Beside Green Park, Banjara Hills, Hyderabad",Cuttack,110004,Tripura,I@n-d-i.a,TEMPORARY,"L-101, Riverfront Residency, Ahmedabad, Gujarat 380009",Langer House,040-54321098,OFFICE,grace.lewis901@hotmail.com,TEMPORARY,RPT_1_25,RPT_2_25,RPT_3_25,RPT_4_25,RPT_5_25
I025,C_I_26,L_I_26,B_I_26,D_I_26,PS_B_26,abhilash,bala vardhan,keerthi,Kriti Mehra,Meenakshi Mehta,Advait Bansal,Meera Iyer,Ananya Verma,06-07-1992,POIUY1470Z,PA5244050,EPIC/5731 2948,700000000000,POIUY5678901234,23781049563,6789342510,U42136MP2010PTC,57389620418,MNBV78901X,CITYUNION4321098,LOYAL20387146,UCIC300014617,6572903812456781,DG_1_26,DG_2_26,DG_3_26,DG_4_26,DG_5_26,DG_6_26,DG_7_26,DG_8_26,DG_9_26,DG_10_26,CRMS,Co-Applicant,Female,Corporate,Mother,Y,Mr,REMARK_26,"10-9-432/87W, Windsor Woods, Opposite Harmony Mall, Kukatpally, Hyderabad",Gwalior,201304,Uttar Pradesh,I.N.D.I.A,PERMANENT,"345, Diamond Plaza, Sector 44, Noida, Uttar Pradesh 201302",Shaikpet,040-43210987,RESIDENCE,jacob.scott123@yahoo.com,OFFICE,RPT_1_26,RPT_2_26,RPT_3_26,RPT_4_26,RPT_5_26
I026,C_I_27,L_I_27,B_I_27,D_I_27,PS_B_27,sunil,om kumar jk,sai  sreeja,Ananya Bansal,Vihaan Iyer,Kriti Joshi,Dev Bansal,Vihaan Iyer,12-05-2004,LKJHG3698A,PA5244088,EPIC/9802 6514,800000000000,MNBVC6789012345,43021576984,1294583067,U17654KL2015PTC,61549278034,POIU34567Y,ANDHRA87654321,LOYAL71893264,UCIC300014618,3204718965432706,DG_1_27,DG_2_27,DG_3_27,DG_4_27,DG_5_27,DG_6_27,DG_7_27,DG_8_27,DG_9_27,DG_10_27,Finnone,Co-Applicant,Female,Corporate,Mother,N,Ms,REMARK_27,"18-3-210/65P, Pearl Paradise, Near Symphony Mall, Malkajgiri, Secunderabad",Asansol,400004,Uttarakhand,I#n@D!i^a,TEMPORARY,"M-678, Royal Orchid, Bannerghatta Road, Bengaluru, Karnataka 560076",Barkatpura,040-32109876,PERSONAL,abigail.king456@gmail.com,PERSONAL,RPT_1_27,RPT_2_27,RPT_3_27,RPT_4_27,RPT_5_27
I027,C_I_28,L_I_28,B_I_28,D_I_28,PS_B_28,bala,kahithi om kumar,sreeeja,Kabir Sharma,Ishika Khanna,Vihaan Iyer,Anjali Mehta,Ishika Mehta,28-11-1970,QWERT7412B,PA5244105,EPIC/7364 8291,900000000000,ZXCVB7890123456,13492756840,5867431209,U89025BR2018PTC,40875321679,RTYU67890Z,FEDERAL78901234,LOYAL36418972,UCIC300014619,8705321643987652,DG_1_28,DG_2_28,DG_3_28,DG_4_28,DG_5_28,DG_6_28,DG_7_28,DG_8_28,DG_9_28,DG_10_28,Finacle,Co-Applicant,Female,Individual,Mother,Y,Mrs,REMARK_28,"14-7-654/32N, Maple Meadows, Beside Oasis Park, Kondapur, Hyderabad",Kakinada,500004,West Bengal,I@nD#ia,PERMANENT,"890, Pragati Vihar, Saket, New Delhi 110017",Nizampet,040-21098765,OFFICE,nathan.lee789@outlook.com,PERMANENT,RPT_1_28,RPT_2_28,RPT_3_28,RPT_4_28,RPT_5_28
I028,C_I_29,L_I_29,B_I_29,D_I_29,PS_B_29,om,sai,satish,Sweta Singh,Adarsh Thakur,Trisha Sharma,Kabir Thakur,Aditya Bansal,02-09-1995,ZXCVB2587C,PA5244123,EPIC/1945 3762,123456789012,QWERT8901234567,27460819235,3075941862,U63241TN2012PTC,98215603427,LKJH12345A,BOM12345678901,LOYAL92761834,UCIC300014620,5432671890453826,DG_1_29,DG_2_29,DG_3_29,DG_4_29,DG_5_29,DG_6_29,DG_7_29,DG_8_29,DG_9_29,DG_10_29,Finacle,Co-Applicant,Male,Individual,Mother,N,Sri,REMARK_29,"19-2-345/43R, Rainbow Residency, Opposite Dreamland Theater, Begumpet, Secunderabad",Ambala,600004,Andaman and Nicobar Islands,I-N~D@I_A,TEMPORARY,"N-567, Emerald Heights, Gandhinagar, Gujarat 382007",Lingampally,040-10987654,RESIDENCE,sophie.baker234@yahoo.com,TEMPORARY,RPT_1_29,RPT_2_29,RPT_3_29,RPT_4_29,RPT_5_29
I029,C_I_30,L_I_30,B_I_30,D_I_30,PS_B_30,om kumar reddy,sai kirna reddy,santhu,Aryan Mehra,Pari Reddy,Aditi Kapoor,Aaradhya Mehta,Kriti Kapoor,29-10-1976,POIUY3698D,PA5244155,EPIC/8406 5137,987654321987,POIUY9012345678,23148957602,9146820573,U57428KA2014PTC,17439680258,ZXCV56789B,DENA876543210,LOYAL61023748,UCIC300014621,7965238147021584,DG_1_30,DG_2_30,DG_3_30,DG_4_30,DG_5_30,DG_6_30,DG_7_30,DG_8_30,DG_9_30,DG_10_30,Finacle,Co-Applicant,Male,Individual,Mother,Y,Smt,REMARK_30,"11-5-678/21L, Luxor Towers, Near Urban Park, Gachibowli, Hyderabad",Jalgaon,700004,Chandigarh,I-N!D^I_A,TEMPORARY,"234, Rosewood Towers, Koregaon Park, Pune, Maharashtra 411001",Habsiguda,040-09876543,PERSONAL,daniel.barnes567@hotmail.com,OFFICE,RPT_1_30,RPT_2_30,RPT_3_30,RPT_4_30,RPT_5_30
I030,C_I_31,L_I_31,B_I_31,D_I_31,PS_B_31,reddy kumar,tarun,santhosh,Anushka Bansal,Arushi Mehra,Saanvi Bansal,Rohan Iyer,Aryan Mehta,14-03-1982,LKJHG6321E,PA5244182,EPIC/4672 1853,567890123456,MNBVC0123456789,43928761504,6409238751,U92036GJ2019PTC,59024386127,NGPO87654C,BANDHAN54321098,LOYAL49568721,UCIC300014622,6437891234569870,DG_1_31,DG_2_31,DG_3_31,DG_4_31,DG_5_31,DG_6_31,DG_7_31,DG_8_31,DG_9_31,DG_10_31,Finnone,Co-Applicant,Male,Individual,Father,N,Mr,REMARK_31,"21-8-543/76P, Paradise Plaza, Beside Oasis Park, Kukatpally, Hyderabad",Jhansi,800004,Dadra and Nagar Haveli and Daman and Diu,I.n.D_i.a,PERMANENT,"O-789, Sapphire Gardens, Attapur, Hyderabad, Telangana 500048",Kukatpally Housing Board,040-88776655,RESIDENCE,aubrey.cook890@gmail.com,PERSONAL,RPT_1_31,RPT_2_31,RPT_3_31,RPT_4_31,RPT_5_31
I031,C_I_32,L_I_32,B_I_32,D_I_32,PS_B_32,om kumar,tharun,mukesh,Nidhi Iyer,Vihaan Iyer,Dev Khurana,Ayesha Bansal,Saanvi Thakur,12-12-1974,QWERT9634F,PA5244210,EPIC/3215 9048,876543210876,ZXCVB1234567890,13084697235,2183479065,U34569UP2017PTC,36148507293,QWED23456D,ESAF6543210987,LOYAL83612754,UCIC300014623,5098742136852307,DG_1_32,DG_2_32,DG_3_32,DG_4_32,DG_5_32,DG_6_32,DG_7_32,DG_8_32,DG_9_32,DG_10_32,Finnone,Co-Applicant,Female,Individual,Father,Y,Mrs,REMARK_32,"8-4-876/32T, Terrace Heights, Opposite Harmony Mall, Banjara Hills, Hyderabad",Alwar,900004,Lakshadweep,I-n$d~i$a,TEMPORARY,"P-456, City Centre, MG Road, Raipur, Chhattisgarh 492001",Musheerabad,040-77665544,OFFICE,harper.ross123@outlook.com,PERMANENT,RPT_1_32,RPT_2_32,RPT_3_32,RPT_4_32,RPT_5_32
I032,C_I_33,L_I_33,B_I_33,D_I_33,PS_B_33,bala vardhan,venky,muktehs,Vihaan Bansal,Neha Malhotra,Yuvraj Patel,Adarsh Kapoor,Raghav Bansal,08-04-2002,ZXCVB1470G,PA5244236,EPIC/7598 6321,789012345678,QWERT2345678901,27154089236,9537186420,U72185DL2022PTC,72891560434,XCVB56789E,LAKSHMI87654321,LOYAL17456283,UCIC300014624,3246098175376145,DG_1_33,DG_2_33,DG_3_33,DG_4_33,DG_5_33,DG_6_33,DG_7_33,DG_8_33,DG_9_33,DG_10_33,Finnone,Co-Applicant,Male,Corporate,Father,N,Smt,REMARK_33,"13-7-654/21N, Nirvana Enclave, Near Grand Mall, Kothapet, Hyderabad",Panipat,110005,Delhi,I!N D!i A,PERMANENT,"Q-101, Pearl Palace, Anna Nagar, Chennai, Tamil Nadu 600040",Nallakunta,040-66554433,PERSONAL,aiden.hughes456@yahoo.com,TEMPORARY,RPT_1_33,RPT_2_33,RPT_3_33,RPT_4_33,RPT_5_33
I033,C_I_34,L_I_34,B_I_34,D_I_34,PS_B_34,reddy bala,ganesh,muktesh,Pari Khurana,Kabir Singhania,Ishita Mehta,Ishita Thakur,Pari Iyer,01-07-1978,POIUY7412H,PA5244265,EPIC/5083 7102,345678901234,ASDFG3456789012,23879016542,7650243891,U18942RJ2011PTC,93502468710,ZAQW43210F,DCB1234567890,LOYAL23987641,UCIC300014625,8754230691683472,DG_1_34,DG_2_34,DG_3_34,DG_4_34,DG_5_34,DG_6_34,DG_7_34,DG_8_34,DG_9_34,DG_10_34,Finacle,Co-Applicant,Male,Corporate,Father,Y,Sri,REMARK_34,"15-3-210/43S, Sunflower Residency, Beside Symphony Mall, Hitech City, Hyderabad",Latur,201305,Puducherry,I_NDI+A,TEMPORARY,"876, Harmony Homes, Salt Lake City, Kolkata, West Bengal 700091",Balanagar,040-55443322,OFFICE,zoey.butler789@gmail.com,OFFICE,RPT_1_34,RPT_2_34,RPT_3_34,RPT_4_34,RPT_5_34
I034,C_I_35,L_I_35,B_I_35,D_I_35,PS_B_35,bala vardhan reddy,aisha,mahesh,Arnav Thakur,Ananya Kapoor,Adarsh Bansal,Vihaan Bansal,Vikram Thakur,25-02-2005,LKJHG2587I,PA5244290,EPIC/1462 8753,890123456789,LKJHG4567890123,43276190485,4321695780,U50314MP2018PTC,40217836549,MNBV78901G,SOUTH876543210,LOYAL78561423,UCIC300014626,6923174850362819,DG_1_35,DG_2_35,DG_3_35,DG_4_35,DG_5_35,DG_6_35,DG_7_35,DG_8_35,DG_9_35,DG_10_35,Finnone,Applicant,Female,Corporate,Father,Y,Ms,REMARK_35,"9-6-789/87D, Diamond Dreams, Opposite Wellness Clinic, Kukatpally, Hyderabad",Saharanpur,400005,Jammu and Kashmir,I#N%D~I*A,TEMPORARY,"R-567, Indraprastha Residency, Gandhipuram, Coimbatore, Tamil Nadu 641018",Dabeerpura,040-44332211,RESIDENCE,jack.fisher234@hotmail.com,PERMANENT,RPT_1_35,RPT_2_35,RPT_3_35,RPT_4_35,RPT_5_35
I035,C_I_36,L_I_36,B_I_36,D_I_36,PS_B_36,rajashekar,vikaranth,vikas,Ishita Sharma,Varun Mehta,Sanjana Thakur,Sneha Kapoor,Anika Bansal,31-05-1971,QWERT9512J,PA5244313,EPIC/6873 2951,543210987654,POIUY5678901234,13264970815,1875634029,U84620KL2016PTC,64781230598,POIU34567H,BARODA654321098,LOYAL36274189,UCIC300014627,4075189632475068,DG_1_36,DG_2_36,DG_3_36,DG_4_36,DG_5_36,DG_6_36,DG_7_36,DG_8_36,DG_9_36,DG_10_36,Finacle,Applicant,Female,Corporate,Guardian,N,Mr,REMARK_36,"17-5-678/32R, Radiant Residency, Near Sunshine School, Banjara Hills, Hyderabad",Muzaffarpur,500005,Ladakh,I-N-D_I.A,PERMANENT,"S-210, Platinum Plaza, Viman Nagar, Pune, Maharashtra 411014",Abids,040-33221100,PERSONAL,lily.evans901@gmail.com,TEMPORARY,RPT_1_36,RPT_2_36,RPT_3_36,RPT_4_36,RPT_5_36
I036,C_I_37,L_I_37,B_I_37,D_I_37,PS_B_37,rajshekar,ankitha,asif,Raghav Bansal,Kirti Bansal,Raghav Kapoor,Armaan Bansal,Dev Mehta,26-08-1992,ZXCVB7536K,PA5244333,EPIC/9350 4618,987654321098,MNBVC6789012345,27834590261,5204983176,U26741BR2013PTC,89023657412,RTYU67890J,Fincare78901234,LOYAL91827645,UCIC300014628,2819345709627810,DG_1_37,DG_2_37,DG_3_37,DG_4_37,DG_5_37,DG_6_37,DG_7_37,DG_8_37,DG_9_37,DG_10_37,Finnone,Co-Applicant,Male,Corporate,Guardian,N,Mrs,REMARK_37,"14-2-345/76K, Kingston Towers, Beside Infinity Mall, Jubilee Hills, Hyderabad",Bilaspur,600005,Himachal Pradesh,In_d*ia,TEMPORARY,"345, Windsor Greens, Sector 56, Gurugram, Haryana 122011",Santosh Nagar,040-22110099,RESIDENCE,james.ward567@yahoo.com,OFFICE,RPT_1_37,RPT_2_37,RPT_3_37,RPT_4_37,RPT_5_37
I037,C_I_38,L_I_38,B_I_38,D_I_38,PS_B_38,rajshekar reddy,arjun,vamshi,Sneha Reddy,Aditya Thakur,Pooja Khurana,Tanvi Verma,Sneha Kapoor,20-12-1973,POIUY3698L,PA5244355,EPIC/5728 1304,765432109876,ZXCVB7890123456,23412965708,3947852160,U59674TN2010PTC,31598420726,LKJH12345K,PAYTM123456789,LOYAL50421876,UCIC300014629,5368901247382456,DG_1_38,DG_2_38,DG_3_38,DG_4_38,DG_5_38,DG_6_38,DG_7_38,DG_8_38,DG_9_38,DG_10_38,Finnone,Co-Applicant,Female,Corporate,Guardian,Y,Ms,REMARK_38,"8-9-432/21P, Pinnacle Park, Opposite Grand Mall, Kondapur, Hyderabad",Hisar,700005,Arunachal Pradesh,I@n%Di!A,TEMPORARY,"T-456, Silver Crest, Hitech City, Hyderabad, Telangana 500081",Chikkadpally,040-11009988,OFFICE,mia.perez890@hotmail.com,PERSONAL,RPT_1_38,RPT_2_38,RPT_3_38,RPT_4_38,RPT_5_38
I038,C_I_39,L_I_39,B_I_39,D_I_39,PS_B_39,abhilash reddy,anil,amulya,Kabir Kumar,Sweta Iyer,Varun Iyer,Kriti Thakur,Aarush Thakur,02-09-1987,LKJHG6321M,PA5244388,EPIC/2091 7843,234567890123,QWERT8901234567,43105678429,8610734952,U34895KA2015PTC,46873250189,ZXCV56789L,AU87654321098,LOYAL63741529,UCIC300014630,6201497865328014,DG_1_39,DG_2_39,DG_3_39,DG_4_39,DG_5_39,DG_6_39,DG_7_39,DG_8_39,DG_9_39,DG_10_39,Finacle,Co-Applicant,Male,Corporate,Guardian,N,Smt,REMARK_39,"22-6-789/43L, Luminous Lane, Near Urban Park, Malkajgiri, Secunderabad",Tirunelveli,800005,Assam,I^N_D^I&A,PERMANENT,"U-789, Tulsi Apartments, Bopal, Ahmedabad, Gujarat 380058",Kondapur,040-00998877,PERSONAL,noah.bailey123@gmail.com,PERMANENT,RPT_1_39,RPT_2_39,RPT_3_39,RPT_4_39,RPT_5_39
I039,C_I_40,L_I_40,B_I_40,D_I_40,PS_B_40,bhanu,rohit,soumya,Aditya Khurana,Aryan Bansal,Kabir Mehta,Aryan Iyer,Trisha Verma,04-06-1986,QWERT7410N,PA5244412,EPIC/3405 9762,987654321000,POIUY9012345678,13690574821,5736942801,U73214GJ2020PTC,72506391480,NGPO87654M,RBS54321098765,LOYAL82193467,UCIC300014631,8934156247012786,DG_1_40,DG_2_40,DG_3_40,DG_4_40,DG_5_40,DG_6_40,DG_7_40,DG_8_40,DG_9_40,DG_10_40,CRMS,Co-Applicant,Female,Individual,Guardian,Y,Sri,REMARK_40,"16-1-432/65T, Tranquil Terrace, Beside Oasis Park, Madhapur, Hyderabad",Gandhinagar,900005,Bihar,I_N D!i^a,TEMPORARY,"V-101, Emerald City, Goregaon East, Mumbai, Maharashtra 400063",Jubilee Hills,040-99887766,OFFICE,ava.cooper456@outlook.com,TEMPORARY,RPT_1_40,RPT_2_40,RPT_3_40,RPT_4_40,RPT_5_40
I040,C_I_41,L_I_41,B_I_41,D_I_41,PS_B_41,bhanu vardhan,kabir,sai,Tanvi Mehra,Tanisha Mehra,Anushka Bansal,Nidhi Bansal,Vihaan Bansal,15-11-2000,ZXCVB2587O,PA5244440,EPIC/8712 5034,111222333444,MNBVC0123456789,27913046825,2493861750,U90283UP2012PTC,18935624073,QWED23456N,BNP78901234567,LOYAL45621378,UCIC300014632,7452618930245670,DG_1_41,DG_2_41,DG_3_41,DG_4_41,DG_5_41,DG_6_41,DG_7_41,DG_8_41,DG_9_41,DG_10_41,Finacle,Co-Applicant,Male,Individual,Mother,N,Mr,REMARK_41,"10-7-654/32B, Blissful Breeze, Opposite Dreamland Theater",Nanded,110006,Chhattisgarh,IN*DI+A,TEMPORARY,"567, Mayfair Residency, Salt Lake City, Kolkata, West Bengal 700064",Charminar,040-98776655,RESIDENCE,liam.brooks789@yahoo.com,PERSONAL,RPT_1_41,RPT_2_41,RPT_3_41,RPT_4_41,RPT_5_41
I041,C_I_42,L_I_42,B_I_42,D_I_42,PS_B_42,bhanu vardhan reddy,mehra,manoj,Varun Thakur,Aarav Khurana,Tanvi Thakur,Raghav Mehta,Anjali Mehta,23-05-1979,POIUY9631P,PA5244466,EPIC/4268 8190,555666777888,ZXCVB1234567890,23817240596,7152043896,U41529DL2014PTC,50324897615,XCVB56789P,KARNATAKA4321098,LOYAL90385612,UCIC300014633,5602978314362519,DG_1_42,DG_2_42,DG_3_42,DG_4_42,DG_5_42,DG_6_42,DG_7_42,DG_8_42,DG_9_42,DG_10_42,Finnone,Applicant,Female,Individual,Guardian,Y,Mrs,REMARK_42,"16-9-876/43G, Garden Heights, Near Sunshine School, Ameerpet, Hyderabad",Udaipur,201306,Goa,I.n.d.i.a,PERMANENT,"W-890, Shree Nivas, Alwal, Secunderabad, Telangana 500010",Bala Nagar,040-87665544,PERSONAL,emma.grant234@gmail.com,OFFICE,RPT_1_42,RPT_2_42,RPT_3_42,RPT_4_42,RPT_5_42
I042,C_I_43,L_I_43,B_I_43,D_I_43,PS_B_43,reddy bhanu,aarush,kumar,Aaradhya Bansal,Pooja Malhotra,Aryan Verma,Saanvi Iyer,Arjun Kapoor,09-08-1998,LKJHG1470Q,PA5244499,EPIC/5049 2376,777888999000,QWERT2345678901,43179065248,3684297510,U63018RJ2017PTC,62715804934,ZAQW43210Q,STANDARD8765432,LOYAL14823756,UCIC300014634,3165249878074321,DG_1_43,DG_2_43,DG_3_43,DG_4_43,DG_5_43,DG_6_43,DG_7_43,DG_8_43,DG_9_43,DG_10_43,Finacle,Applicant,Male,Individual,Mother,Y,Smt,REMARK_43,"20-4-543/32M, Moonlit Meadows, Opposite Harmony Mall, Kukatpally, Hyderabad",Amravati,400006,Gujarat,I_N-D_I@A,TEMPORARY,"X-123, Sunflower Society, Vastrapur, Ahmedabad, Gujarat 380015",Chanda Nagar,040-76554433,RESIDENCE,ethan.kelly901@hotmail.com,TEMPORARY,RPT_1_43,RPT_2_43,RPT_3_43,RPT_4_43,RPT_5_43
I043,C_I_44,L_I_44,B_I_44,D_I_44,PS_B_44,ganesh,trisha,rakhi,Anjali Iyer,Raghav Joshi,Nisha Joshi,Arushi Thakur,Meera Bansal,17-10-2004,QWERT3698R,PA5244515,EPIC/1687 5923,888777666555,ASDFG3456789012,13428597063,9025764183,U28150MP2019PTC,29483657021,MNBV78901R,DEUTSCHE10987654,LOYAL76549032,UCIC300014635,8705321643987652,DG_1_44,DG_2_44,DG_3_44,DG_4_44,DG_5_44,DG_6_44,DG_7_44,DG_8_44,DG_9_44,DG_10_44,Finnone,Applicant,Female,Individual,Guardian,N,Ms,REMARK_44,"9-5-678/21R, Royal Residency, Beside Oasis Park, Banjara Hills, Hyderabad",Mathura,500006,Haryana,I~N*D_i^a,PERMANENT,"Y-567, Blue Bells Residency, Whitefield, Bengaluru, Karnataka 560066",Langar Houz,040-65443322,OFFICE,chloe.long567@yahoo.com,PERMANENT,RPT_1_44,RPT_2_44,RPT_3_44,RPT_4_44,RPT_5_44
I044,C_I_45,L_I_45,B_I_45,D_I_45,PS_B_45,ganesh rao,dev,nihan,Rohit Bansal,Nisha Singhania,Kabir Bansal,Yuvraj Bansal,Aaradhya Iyer,01-01-1993,ZXCVB9512S,PA5244532,EPIC/7934 4185,123456789000,LKJHG4567890123,27394015682,1347958602,U57483KL2011PTC,85691340275,POIU34567S,BAJAJ7654321098,LOYAL23198765,UCIC300014636,8271349056842153,DG_1_45,DG_2_45,DG_3_45,DG_4_45,DG_5_45,DG_6_45,DG_7_45,DG_8_45,DG_9_45,DG_10_45,Finnone,Applicant,Male,Individual,Mother,Y,Sri,REMARK_45,"14-3-210/76D, Diamond District, Near Symphony Mall, Gachibowli, Hyderabad",Bhilwara,600006,Himachal Pradesh,I-N_D^I-A,TEMPORARY,"Z-456, Ocean View Towers, Kollam, Kerala 691001",Kavadiguda,040-54332211,PERSONAL,logan.stewart890@gmail.com,PERSONAL,RPT_1_45,RPT_2_45,RPT_3_45,RPT_4_45,RPT_5_45
I045,C_I_46,L_I_46,B_I_46,D_I_46,PS_B_46,kashi,kajal,nisha,Kirti Thakur,Kabir Thakur,Riya Mehta,Pari Mehta,Rohit Bansal,05-09-1986,POIUY7536T,PA5244566,EPIC/9521 3467,987654321123,POIUY5678901234,23986572403,6972810453,U93541BR2014PTC,13502486971,RTYU67890T,VIJAYABANK321098,LOYAL69758423,UCIC300014637,7658120493824567,DG_1_46,DG_2_46,DG_3_46,DG_4_46,DG_5_46,DG_6_46,DG_7_46,DG_8_46,DG_9_46,DG_10_46,Finnone,Applicant,Female,Individual,Guardian,N,Mr,REMARK_46,"17-6-789/32N, Nirvana Nagar, Opposite Wellness Clinic, Hitech City, Hyderabad",Bijapur,700006,Jharkhand,I^N-D!i_a,PERMANENT,"A1-789, Coral Springs, Baner, Pune, Maharashtra 411045",Himayath Nagar,040-43221100,OFFICE,ella.simmons123@hotmail.com,OFFICE,RPT_1_46,RPT_2_46,RPT_3_46,RPT_4_46,RPT_5_46
I046,C_I_47,L_I_47,B_I_47,D_I_47,PS_B_47,sudhkar,argarval,neethy,Aryan Bansal,Sneha Verma,Virat Sharma,Vihaan Verma,Aditi Thakur,20-06-1993,LKJHG2587U,PA5244599,EPIC/6178 8702,321098765678,MNBVC6789012345,43508267914,4856309721,U74029TN2018PTC,97420638125,LKJH12345U,NAINITAL8765432,LOYAL38215679,UCIC300014638,4297586317048921,DG_1_47,DG_2_47,DG_3_47,DG_4_47,DG_5_47,DG_6_47,DG_7_47,DG_8_47,DG_9_47,DG_10_47,Finnone,Applicant,Male,Corporate,Mother,N,Mrs,REMARK_47,"11-2-345/87A, Alpha Apartments, Beside Dreamland Theater, Kondapur, Hyderabad",Kottayam,800006,Karnataka,I-N~D!i_A,TEMPORARY,"B2-101, Ivory Towers, Civil Lines, Nagpur, Maharashtra 440001",Gudimalkapur,040-32110099,RESIDENCE,lucas.alexander456@yahoo.com,TEMPORARY,RPT_1_47,RPT_2_47,RPT_3_47,RPT_4_47,RPT_5_47
I047,C_I_48,L_I_48,B_I_48,D_I_48,PS_B_48,sharath,agarwal,vekat,Arushi Iyer,Arjun Kumar,Meenakshi Bansal,Anushka Iyer,Kabir Mehta,07-12-1972,QWERT1470V,PA5244610,EPIC/2843 5096,555555555123,ZXCVB7890123456,13948720516,2163475980,U12764KA2021PTC,50837261943,ZXCV56789V,BANDHAN54321098,LOYAL51962784,UCIC300014639,3812674920536189,DG_1_48,DG_2_48,DG_3_48,DG_4_48,DG_5_48,DG_6_48,DG_7_48,DG_8_48,DG_9_48,DG_10_48,Finacle,Co-Applicant,Female,Corporate,Guardian,Y,Ms,REMARK_48,"15-8-432/65L, Lotus Lane, Near Grand Mall, Jubilee Hills, Hyderabad",Darbhanga,900006,Kerala,I_N*D.I!A,TEMPORARY,"C3-567, Starlight Heights, Sector 10, Chandigarh 160011",Seethaphalmandi,040-21009988,PERSONAL,sophia.griffin789@gmail.com,PERMANENT,RPT_1_48,RPT_2_48,RPT_3_48,RPT_4_48,RPT_5_48
I048,C_I_49,L_I_49,B_I_49,D_I_49,PS_B_49,abbas,mehta,venkat reddy,Yuvraj Bansal,Anika Sharma,Aarav Thakur,Rohit Bansal,Tanaya Kapoor,19-11-1980,ZXCVB3698W,PA5244640,EPIC/4390 6581,777777777123,QWERT8901234567,27580413926,8590341267,U38951GJ2016PTC,64218753094,NGPO87654W,BHARATPAY789012,LOYAL24697815,UCIC300014640,2958731046812374,DG_1_49,DG_2_49,DG_3_49,DG_4_49,DG_5_49,DG_6_49,DG_7_49,DG_8_49,DG_9_49,DG_10_49,CRMS,Co-Applicant,Male,Corporate,Father,N,Sri,REMARK_49,"10-4-876/32P, Paradise Place, Opposite Oasis Park, Kukatpally, Hyderabad",Tiruppur,110007,Madhya Pradesh,I_N+D_i&A,PERMANENT,"D4-456, Lotus Gardens, Kondapur, Hyderabad, Telangana 500081",Begum Bazar,040-10998877,OFFICE,liam.rogers234@outlook.com,OFFICE,RPT_1_49,RPT_2_49,RPT_3_49,RPT_4_49,RPT_5_49
I049,C_I_50,L_I_50,B_I_50,D_I_50,PS_B_50,pooja ,kapoor,rao ,Sneha Sharma,Rohit Bansal,Aisha Mehta,Ishika Verma,Varun Bansal,11-01-1995,POIUY6321X,PA5244666,EPIC/7651 1934,123123123123,POIUY9012345678,23721489560,3712985640,U54638UP2013PTC,36195028417,QWED23456X,HSBC543210987,LOYAL83017546,UCIC300014641,6543287190123456,DG_1_50,DG_2_50,DG_3_50,DG_4_50,DG_5_50,DG_6_50,DG_7_50,DG_8_50,DG_9_50,DG_10_50,Finacle,Co-Applicant,Female,Corporate,Spouse,Y,Smt,REMARK_50,"23-7-654/43K, Kingston Kastle, Beside Infinity Mall, Banjara Hills, Hyderabad",Alappuzha,201307,Maharashtra,I@N^D@I.A,TEMPORARY,"E5-890, Dreamland Apartments, Indiranagar, Bengaluru, Karnataka 560038",Panjagutta,040-99887766,RESIDENCE,olivia.reed567@yahoo.com,PERSONAL,RPT_1_50,RPT_2_50,RPT_3_50,RPT_4_50,RPT_5_50
I050,C_I_51,L_I_51,B_I_51,D_I_51,PS_B_51,sharath,mehra,tarun ,Karthik Iyer,Anjali Verma,Rohit Khanna,Dev Kapoor,Anjali Iyer,16-03-1981,LKJHG7410Y,PA5244688,EPIC/3056 8421,456456456456,MNBVC0123456789,43176259084,5421863907,U92347DL2015PTC,92708431650,XCVB56789Y,ALA87654321098,LOYAL16279438,UCIC300014642,8791205361473826,DG_1_51,DG_2_51,DG_3_51,DG_4_51,DG_5_51,DG_6_51,DG_7_51,DG_8_51,DG_9_51,DG_10_51,Finnone,Co-Applicant,Male,Corporate,Spouse,N,Mr,REMARK_51,"18-5-678/21S, Sapphire Springs, Near Symphony Mall, Madhapur, Hyderabad",Kharagpur,400007,Manipur,I^n_d~i*a,TEMPORARY,"F6-101, Riverside Residency, Guwahati, Assam 781001",Nallakunta,040-00112233,PERSONAL,noah.turner890@gmail.com,TEMPORARY,RPT_1_51,RPT_2_51,RPT_3_51,RPT_4_51,RPT_5_51
I051,C_I_52,L_I_52,B_I_52,D_I_52,PS_B_52,raju,sanya,ganesh,Anushka Thakur,Aryan Khanna,Sneha Kapoor,Aarav Bansal,Kabir Thakur,03-07-2002,QWERT2587Z,PA5244703,EPIC/5281 7043,789789789789,ZXCVB1234567890,13280476935,9378642051,U21563RJ2010PTC,58460193723,ZAQW43210A,HSBC543210987,LOYAL74530986,UCIC300014643,4372680195843216,DG_1_52,DG_2_52,DG_3_52,DG_4_52,DG_5_52,DG_6_52,DG_7_52,DG_8_52,DG_9_52,DG_10_52,Finacle,Co-Applicant,Female,Corporate,Father,Y,Mrs,REMARK_52,"13-1-432/76T, Tranquil Towers, Opposite Dreamland Theater, Ameerpet, Hyderabad",Ongole,500007,Meghalaya,I#N D I*A,PERMANENT,"G7-567, Silver Oaks, Gachibowli, Hyderabad, Telangana 500032",Toli Chowki,040-11223344,RESIDENCE,mia.collins123@hotmail.com,OFFICE,RPT_1_52,RPT_2_52,RPT_3_52,RPT_4_52,RPT_5_52
I052,C_I_53,L_I_53,B_I_53,D_I_53,PS_B_53,prabhas,patel,lokesh,Dev Bansal,Kavya Thakur,Vikram Bansal,Kavya Iyer,Ishita Kapoor,28-09-1976,ZXCVB9631A,PA5244733,EPIC/1893 4567,111000111000,QWERT2345678901,27461903857,8061753942,U48972MP2017PTC,37129685042,MNBV78901B,DBS8765432109,LOYAL58431279,UCIC300014644,1638594270158764,DG_1_53,DG_2_53,DG_3_53,DG_4_53,DG_5_53,DG_6_53,DG_7_53,DG_8_53,DG_9_53,DG_10_53,Finnone,Co-Applicant,Female,Individual,Spouse,Y,Ms,REMARK_53,"19-6-789/32R, Radiant Residency, Beside Oasis Park, Kukatpally, Hyderabad",Rourkela,600007,Mizoram,I*N&D!_A,TEMPORARY,"H8-890, Regency Heights, Vile Parle, Mumbai, Maharashtra 400057",Kishan Bagh,040-22334455,OFFICE,jacob.morgan456@yahoo.com,PERMANENT,RPT_1_53,RPT_2_53,RPT_3_53,RPT_4_53,RPT_5_53
I053,C_I_54,L_I_54,B_I_54,D_I_54,PS_B_54,prabhas raju,nisha,loki,Ishika Mehta,Vihaan Mehta,Priya Thakur,Varun Bansal,Yuvan Bansal,22-04-1994,POIUY1470B,PA5244755,EPIC/9642 3108,222000222000,ASDFG3456789012,23405719268,2546981730,U78154KL2012PTC,89021543768,POIU34567C,INDUSTRIAL987654,LOYAL92386175,UCIC300014645,8705321643987652,DG_1_54,DG_2_54,DG_3_54,DG_4_54,DG_5_54,DG_6_54,DG_7_54,DG_8_54,DG_9_54,DG_10_54,Finacle,Co-Applicant,Male,Individual,Father,N,Smt,REMARK_54,"14-5-543/87P, Pearl Plaza, Opposite Wellness Clinic, Banjara Hills, Hyderabad",Bhagalpur,700007,Nagaland,I!n.d_i.a,PERMANENT,"I9-456, Lavender Lane, Adyar, Chennai, Tamil Nadu 600020",Marredpally,040-33445566,PERSONAL,emily.harrison789@gmail.com,PERSONAL,RPT_1_54,RPT_2_54,RPT_3_54,RPT_4_54,RPT_5_54
I054,C_I_55,L_I_55,B_I_55,D_I_55,PS_B_55,srikanth,vihaan,faisal,Aarav Bansal,Ishita Bansal,Kabir Verma,Ananya Mehta,Pooja Thakur,14-11-1982,LKJHG3698C,PA5244780,EPIC/4713 5892,333000333000,LKJHG4567890123,43812570694,6902178453,U32914BR2019PTC,45689230175,RTYU67890D,IDFC7654321098,LOYAL40718256,UCIC300014646,7402985612346781,DG_1_55,DG_2_55,DG_3_55,DG_4_55,DG_5_55,DG_6_55,DG_7_55,DG_8_55,DG_9_55,DG_10_55,Finnone,Co-Applicant,Male,Individual,Spouse,Y,Sri,REMARK_55,"8-3-210/32D, Diamond Dreams, Near Grand Mall, Gachibowli, Hyderabad",Panvel,800007,Odisha,I_N-D@I%A,TEMPORARY,"J10-789, Crescent Towers, Pashan, Pune, Maharashtra 411021",Yellareddyguda,040-44556677,OFFICE,ethan.wells234@hotmail.com,OFFICE,RPT_1_55,RPT_2_55,RPT_3_55,RPT_4_55,RPT_5_55
I055,C_I_56,L_I_56,B_I_56,D_I_56,PS_B_56,praveen,saanvii,firoj,Sweta Khurana,Aditya Singh,Pari Joshi,Arnav Thakur,Raghav Thakur,29-06-1993,QWERT7412D,PA5244800,EPIC/6325 8164,444000444000,POIUY5678901234,13190825674,4139826570,U64027TN2016PTC,72350619480,LKJH12345E,LIC12345678901,LOYAL53678129,UCIC300014647,5264197389015438,DG_1_56,DG_2_56,DG_3_56,DG_4_56,DG_5_56,DG_6_56,DG_7_56,DG_8_56,DG_9_56,DG_10_56,Finnone,Co-Applicant,Male,Individual,Father,Y,Mr,REMARK_56,"17-9-432/65N, Nirvana Nagar, Beside Dreamland Theater, Hitech City, Hyderabad",Durg,900007,Punjab,I@N~D_I-A,PERMANENT,"K11-101, Green Valley Homes, Sector 15, Faridabad, Haryana 121002",Bowenpally,040-55667788,RESIDENCE,ava.knight567@yahoo.com,TEMPORARY,RPT_1_56,RPT_2_56,RPT_3_56,RPT_4_56,RPT_5_56
I056,C_I_57,L_I_57,B_I_57,D_I_57,PS_B_57,kishore,joshi,revant,Kabir Mehta,Riya Thakur,Yuvraj Bansal,Sneha Bansal,Sanjana Bansal,12-08-1983,ZXCVB2587E,PA5244828,EPIC/2186 9753,555000555000,MNBVC6789012345,27694531082,7286435019,U87429KA2011PTC,29874163057,ZXCV56789F,KARNATAKA4321098,LOYAL89214376,UCIC300014648,3120489765231786,DG_1_57,DG_2_57,DG_3_57,DG_4_57,DG_5_57,DG_6_57,DG_7_57,DG_8_57,DG_9_57,DG_10_57,Finnone,Co-Applicant,Male,Corporate,Spouse,N,Mrs,REMARK_57,"12-7-654/32B, Blissful Breeze, Opposite Infinity Mall, Kondapur, Hyderabad",Bharatpur,110008,Rajasthan,I.n.D.I.A,TEMPORARY,"L12-567, Blue Moon Residency, Sector 62, Noida, Uttar Pradesh 201309",Khairatabad,040-66778899,PERSONAL,logan.murphy890@gmail.com,PERMANENT,RPT_1_57,RPT_2_57,RPT_3_57,RPT_4_57,RPT_5_57
I057,C_I_58,L_I_58,B_I_58,D_I_58,PS_B_58,aarav,ammulu,raghu,Pari Iyer,Yuvraj Mehra,Ananya Iyer,Kabir Verma,Kavya Kapoor,23-04-1996,POIUY3698F,PA5244855,EPIC/7860 4321,666000666000,ZXCVB7890123456,23261549708,3057198642,U20148GJ2013PTC,67451239806,NGPO87654G,VIJAYA890123456,LOYAL65192738,UCIC300014649,8674291530486213,DG_1_58,DG_2_58,DG_3_58,DG_4_58,DG_5_58,DG_6_58,DG_7_58,DG_8_58,DG_9_58,DG_10_58,Finacle,Co-Applicant,Male,Corporate,Spouse,Y,Ms,REMARK_58,"16-2-345/76M, Meadow Mews, Near Urban Park, Kukatpally, Hyderabad",Ambikapur,201308,Sikkim,I_N*D-I@A,PERMANENT,"M13-456, Sunshine Apartments, Kakkanad, Kochi, Kerala 682030",Srinagar Colony,040-77889900,RESIDENCE,chloe.jenkins123@hotmail.com,TEMPORARY,RPT_1_58,RPT_2_58,RPT_3_58,RPT_4_58,RPT_5_58
I058,C_I_59,L_I_59,B_I_59,D_I_59,PS_B_59,aarava patel,deepthi,tarak,Karthik Bansal,Pari Iyer,Armaan Thakur,Tanisha Mehta,Arnav Bansal,08-09-1990,LKJHG6321G,PA5244877,EPIC/3457 6982,777000777000,QWERT8901234567,43706258491,4860217359,U56731UP2020PTC,83029764518,QWED23456H,BAJAJ7654321098,LOYAL37856421,UCIC300014650,5032174869823561,DG_1_59,DG_2_59,DG_3_59,DG_4_59,DG_5_59,DG_6_59,DG_7_59,DG_8_59,DG_9_59,DG_10_59,CRMS,Co-Applicant,Female,Corporate,Father,N,Smt,REMARK_59,"21-5-678/32G, Green Glen, Opposite Harmony Mall, Banjara Hills, Hyderabad",Gandhidham,400008,Tamil Nadu,I_n~d.i_a,TEMPORARY,"N14-789, Pearl Paradise, Jodhpur, Rajasthan 342001",HMT Nagar,040-88990011,OFFICE,lucas.henderson456@yahoo.com,OFFICE,RPT_1_59,RPT_2_59,RPT_3_59,RPT_4_59,RPT_5_59
I059,C_I_60,L_I_60,B_I_60,D_I_60,PS_B_60,kavya,sunny,prabhas,Tanvi Thakur,Karthik Bansal,Ishita Sharma,Aditya Bansal,Nidhi Mehta,21-11-1975,QWERT9634H,PA5244905,EPIC/9102 1574,888000888000,POIUY9012345678,13872046519,1723958604,U34815DL2012PTC,14986325702,XCVB56789J,OBC98765432109,LOYAL41978265,UCIC300014651,2169580373469214,DG_1_60,DG_2_60,DG_3_60,DG_4_60,DG_5_60,DG_6_60,DG_7_60,DG_8_60,DG_9_60,DG_10_60,Finnone,Applicant,Female,Corporate,Father,N,Sri,REMARK_60,"10-8-876/43R, Royal Residency, Beside Symphony Mall, Madhapur, Hyderabad",Puri,500008,Telangana,I^N-D%I+A,PERMANENT,"O15-101, Royal Residency, Sector 14, Gurugram, Haryana 122001",Adikmet,040-99001122,PERSONAL,mia.cole789@gmail.com,PERSONAL,RPT_1_60,RPT_2_60,RPT_3_60,RPT_4_60,RPT_5_60
I060,C_I_61,L_I_61,B_I_61,D_I_61,PS_B_61,kavya reddy,pooja,ramehs,Armaan Khurana,Tanvi Thakur,Dev Bansal,Karthik Mehta,Armaan Iyer,18-08-1994,ZXCVB1470I,PA5244932,EPIC/5734 8246,999000999000,MNBVC0123456789,27143850962,9312407568,U94032RJ2015PTC,50731892645,ZAQW43210L,PAYTM123456789,LOYAL65712438,UCIC300014652,8705321643987652,DG_1_61,DG_2_61,DG_3_61,DG_4_61,DG_5_61,DG_6_61,DG_7_61,DG_8_61,DG_9_61,DG_10_61,Finacle,Applicant,Female,Individual,Spouse,Y,Mr,REMARK_61,"23-4-432/21L, Lotus Lane, Near Oasis Park, Jubilee Hills, Hyderabad",Bardhaman,600008,Tripura,I~n@d!i@A,TEMPORARY,"P16-567, Marigold Meadows, Malleshwaram, Bengaluru, Karnataka 560003",Karmanghat,040-98765432,OFFICE,noah.ward234@outlook.com,PERMANENT,RPT_1_61,RPT_2_61,RPT_3_61,RPT_4_61,RPT_5_61
I061,C_I_62,L_I_62,B_I_62,D_I_62,PS_B_62,pooja sneha,keerhti,ram,Aaradhya Reddy,Armaan Khurana,Vihaan Thakur,Anjali Kapoor,Aaradhya Bansal,03-02-1977,POIUY7412J,PA5244950,EPIC/2496 3087,111000222000,ZXCVB1234567890,23564081972,6485031972,U56239MP2011PTC,46219830754,MNBV78901M,SBI974562256,LOYAL29385671,UCIC300014653,3086215476934021,DG_1_62,DG_2_62,DG_3_62,DG_4_62,DG_5_62,DG_6_62,DG_7_62,DG_8_62,DG_9_62,DG_10_62,CRMS,Co-Applicant,Female,Individual,Father,N,Mrs,REMARK_62,"11-6-789/32W, Windsor Woods, Opposite Wellness Clinic, Kukatpally, Hyderabad",Chittoor,700008,Uttar Pradesh,I-N-D.I_A,PERMANENT,"Q17-890, Sun City Towers, Worli, Mumbai, Maharashtra 400018",Safilguda,040-87654321,RESIDENCE,sophia.nichols567@yahoo.com,TEMPORARY,RPT_1_62,RPT_2_62,RPT_3_62,RPT_4_62,RPT_5_62
I062,C_I_63,L_I_63,B_I_63,D_I_63,PS_B_63,sneha ,sneha,chraan,Varun Bansal,Aaradhya Reddy,Anushka Mehta,Advait Bansal,Karthik Thakur,10-07-1989,LKJHG2587K,PA5244988,EPIC/4309 7612,222000333000,QWERT2345678901,43498125706,5072196843,U82017KL2014PTC,65823497102,POIU34567N,ANDHRA87654321,LOYAL84516239,UCIC300014654,7184952304673610,DG_1_63,DG_2_63,DG_3_63,DG_4_63,DG_5_63,DG_6_63,DG_7_63,DG_8_63,DG_9_63,DG_10_63,Finnone,Co-Applicant,Female,Individual,Spouse,Y,Ms,REMARK_63,"15-3-210/65A, Alpha Apartments, Beside Grand Mall, Banjara Hills, Hyderabad",Ropar,800008,Uttarakhand,I^N D I^A,TEMPORARY,"R18-101, Orchid Gardens, Kukatpally, Hyderabad, Telangana 500072",Malkajgiri,040-76543210,PERSONAL,liam.morris890@gmail.com,OFFICE,RPT_1_63,RPT_2_63,RPT_3_63,RPT_4_63,RPT_5_63
I063,C_I_64,L_I_64,B_I_64,D_I_64,PS_B_64,rajat,shivani,charan,Pooja Iyer,Varun Bansal,Rohan Khurana,Aisha Kapoor,Priya Bansal,27-05-1982,QWERT9512L,PA5245015,EPIC/8951 6842,333000444000,ASDFG3456789012,13645729081,3645890127,U48932BR2017PTC,31520968743,RTYU67890P,HDFC22233358,LOYAL32679581,UCIC300014655,4950678323189467,DG_1_64,DG_2_64,DG_3_64,DG_4_64,DG_5_64,DG_6_64,DG_7_64,DG_8_64,DG_9_64,DG_10_64,CRMS,Co-Applicant,Female,Individual,Father,Y,Smt,REMARK_64,"19-7-654/43P, Paradise Place, Near Dreamland Theater, Kondapur, Hyderabad",Eluru,900008,West Bengal,I-N@D_I!A,TEMPORARY,"S19-567, Silver Oaks, Sector 51, Noida, Uttar Pradesh 201307",Vanasthalipuram,040-65432109,RESIDENCE,olivia.richards123@hotmail.com,PERSONAL,RPT_1_64,RPT_2_64,RPT_3_64,RPT_4_64,RPT_5_64
I064,C_I_65,L_I_65,B_I_65,D_I_65,PS_B_65,mehra,roja,teja,Dev Khanna,Pooja Iyer,Sweta Joshi,Rohan Thakur,Aditya Mehta,19-09-1999,ZXCVB7536M,PA5245036,EPIC/1673 5490,444000555000,LKJHG4567890123,27206589314,8251764309,U73015TN2014PTC,79450613820,LKJH12345Q,ICICI78901234,LOYAL91875426,UCIC300014656,6321789450672438,DG_1_65,DG_2_65,DG_3_65,DG_4_65,DG_5_65,DG_6_65,DG_7_65,DG_8_65,DG_9_65,DG_10_65,Finnone,Co-Applicant,Female,Individual,Spouse,N,Sri,REMARK_65,"14-2-345/76K, Kingston Kastle, Opposite Infinity Mall, Gachibowli, Hyderabad",Haldia,110009,Andaman and Nicobar Islands,IND_I~A,PERMANENT,"T20-890, Hillcrest Homes, Porvorim, Goa 403521",Gandhinagar,040-54321098,OFFICE,jacob.hill456@yahoo.com,PERMANENT,RPT_1_65,RPT_2_65,RPT_3_65,RPT_4_65,RPT_5_65
I065,C_I_66,L_I_66,B_I_66,D_I_66,PS_B_66,chauhan,rani,chiru,Aisha Mehta,Dev Khanna,Aditya Mehta,Priya Bansal,Nandini Thakur,20-06-1988,POIUY3698N,PA5245055,EPIC/6182 9365,555000666000,POIUY5678901234,23950186725,1094376852,U27465KA2018PTC,23158490726,ZXCV56789R,UCO4567890123,LOYAL57328614,UCIC300014657,8705321643987652,DG_1_66,DG_2_66,DG_3_66,DG_4_66,DG_5_66,DG_6_66,DG_7_66,DG_8_66,DG_9_66,DG_10_66,Finacle,Co-Applicant,Male,Individual,Father,N,Mr,REMARK_66,"8-9-432/32L, Lotus Lane, Beside Oasis Park, Hitech City, Hyderabad",Palghar,201309,Chandigarh,I-N%Di_A,TEMPORARY,"U21-101, Galaxy Towers, Wakad, Pune, Maharashtra 411057",Saidabad,040-43210987,PERSONAL,emma.shaw789@gmail.com,TEMPORARY,RPT_1_66,RPT_2_66,RPT_3_66,RPT_4_66,RPT_5_66
I066,C_I_67,L_I_67,B_I_67,D_I_67,PS_B_67,arun,dad lit princes,teja,Rohan Thakur,Aisha Mehta,Tanvi Bansal,Vihaan Kapoor,Aryan Kapoor,28-03-1979,LKJHG6321O,PA5245088,EPIC/7024 1835,666000777000,MNBVC6789012345,43816270459,7542096813,U56783GJ2012PTC,50679143825,NGPO87654S,KVB5678901234,LOYAL42098376,UCIC300014658,1643892570873124,DG_1_67,DG_2_67,DG_3_67,DG_4_67,DG_5_67,DG_6_67,DG_7_67,DG_8_67,DG_9_67,DG_10_67,Finacle,Applicant,Male,Corporate,Spouse,Y,Mrs,REMARK_67,"17-5-678/21D, Diamond District, Near Symphony Mall, Ameerpet, Hyderabad",Anand,400009,Dadra and Nagar Haveli and Daman and Diu,I_N D_i!A,TEMPORARY,"V22-567, Riverfront Residency, Ahmedabad, Gujarat 380009",Kachiguda,040-32109876,OFFICE,ethan.dixon234@hotmail.com,OFFICE,RPT_1_67,RPT_2_67,RPT_3_67,RPT_4_67,RPT_5_67
I067,C_I_68,L_I_68,B_I_68,D_I_68,PS_B_68,arjun,desai,tej,Kriti Mehra,Rohan Thakur,Kavya Iyer,Nidhi Mehta,Trisha Bansal,13-01-2002,QWERT7410P,PA5245111,EPIC/3568 4701,777000888000,ZXCVB7890123456,13795824016,2861430975,U93274UP2015PTC,84376209531,QWED23456T,YESBANK567890,LOYAL68721543,UCIC300014659,2498571360321864,DG_1_68,DG_2_68,DG_3_68,DG_4_68,DG_5_68,DG_6_68,DG_7_68,DG_8_68,DG_9_68,DG_10_68,Finacle,Applicant,Male,Corporate,Father,N,Ms,REMARK_68,"12-1-432/76R, Radiant Residency, Opposite Wellness Clinic, Kukatpally, Hyderabad",Guntakal,500009,Lakshadweep,I@N^D!i_A,PERMANENT,"W23-890, Lotus Court, Banjara Hills, Hyderabad, Telangana 500034",Tarnaka,040-21098765,RESIDENCE,ava.thomas567@yahoo.com,PERSONAL,RPT_1_68,RPT_2_68,RPT_3_68,RPT_4_68,RPT_5_68
I068,C_I_69,L_I_69,B_I_69,D_I_69,PS_B_69,priya,sahsra,anu,Ananya Bansal,Kriti Mehra,Aryan Bansal,Arjun Kapoor,Vihaan Mehta,09-07-1984,ZXCVB2587Q,PA5245133,EPIC/4812 6923,888000999000,QWERT8901234567,27315840629,6307958142,U31986DL2021PTC,29768504123,XCVB56789U,RBL7654321098,LOYAL13487256,UCIC300014660,5861324071984573,DG_1_69,DG_2_69,DG_3_69,DG_4_69,DG_5_69,DG_6_69,DG_7_69,DG_8_69,DG_9_69,DG_10_69,Finacle,Co-Applicant,Male,Corporate,Spouse,Y,Smt,REMARK_69,"20-6-789/32T, Tranquil Towers, Beside Oasis Park, Banjara Hills, Hyderabad",Kumbakonam,600009,Delhi,I-N*D!i%a,TEMPORARY,"X24-101, Ivory Enclave, Indore, Madhya Pradesh 452001",Amberpet,040-10987654,PERSONAL,noah.white890@gmail.com,PERMANENT,RPT_1_69,RPT_2_69,RPT_3_69,RPT_4_69,RPT_5_69
I069,C_I_70,L_I_70,B_I_70,D_I_70,PS_B_70,nidhi,varma,anupama,Kabir Sharma,Ananya Bansal,Karthik Thakur,Ishita Mehta,Ananya Thakur,05-04-1993,POIUY9631R,PA5245155,EPIC/9307 2154,999000111000,POIUY9012345678,23127946805,9413872506,U50432RJ2019PTC,61540293786,ZAQW43210V,UNION87654321,LOYAL76983241,UCIC300014661,7902145636872134,DG_1_70,DG_2_70,DG_3_70,DG_4_70,DG_5_70,DG_6_70,DG_7_70,DG_8_70,DG_9_70,DG_10_70,Finacle,Co-Applicant,Male,Corporate,Father,N,Sri,REMARK_70,"13-7-654/43K, Kingston Kastle, Opposite Infinity Mall, Madhapur, Hyderabad",Fatehpur,700009,Puducherry,I@n-d!i!A,PERMANENT,"Y25-567, Blossom County, Sector 137, Noida, Uttar Pradesh 201305",Hayathnagar,040-09876543,RESIDENCE,chloe.hayes123@hotmail.com,TEMPORARY,RPT_1_70,RPT_2_70,RPT_3_70,RPT_4_70,RPT_5_70
I070,C_I_71,L_I_71,B_I_71,D_I_71,PS_B_71,rohan,prema,parameshrwarn,Sweta Singh,Kabir Sharma,Pooja Mehta,Kabir Kapoor,Ishika Bansal,23-02-1978,LKJHG1470S,PA5245188,EPIC/2649 5783,111000123000,MNBVC0123456789,43269518074,5730249861,U67514MP2016PTC,98451736029,MNBV78901W,HSBC543210987,LOYAL58261479,UCIC300014662,4381769512048762,DG_1_71,DG_2_71,DG_3_71,DG_4_71,DG_5_71,DG_6_71,DG_7_71,DG_8_71,DG_9_71,DG_10_71,Finacle,Co-Applicant,Male,Corporate,Mother,Y,Mr,REMARK_71,"9-2-345/76S, Sapphire Springs, Near Symphony Mall, Kondapur, Hyderabad",Hapur,800009,Jammu and Kashmir,I_N-D_i&A,TEMPORARY,"Z26-890, Emerald Springs, BTM Layout, Bengaluru, Karnataka 560076",L.B. Nagar,040-88776655,OFFICE,liam.jenkins456@yahoo.com,OFFICE,RPT_1_71,RPT_2_71,RPT_3_71,RPT_4_71,RPT_5_71
I071,C_I_72,L_I_72,B_I_72,D_I_72,PS_B_72,desai,chinnu,sri,Aryan Mehra,Sweta Singh,Varun Bansal,Pooja Bansal,Advait Thakur,30-10-1981,QWERT3698T,PA5245213,EPIC/1958 4376,222000234000,ZXCVB1234567890,13502468937,2187563904,U89021KL2013PTC,73021946854,POIU34567X,SYNDICATE3210987,LOYAL20385746,UCIC300014663,6758213984065921,DG_1_72,DG_2_72,DG_3_72,DG_4_72,DG_5_72,DG_6_72,DG_7_72,DG_8_72,DG_9_72,DG_10_72,Finnone,Co-Applicant,Male,Corporate,Guardian,N,Mrs,REMARK_72,"22-5-678/32N, Nirvana Nagar, Beside Dreamland Theater, Hitech City, Hyderabad",Hassan,900009,Ladakh,I_N D_I+A,TEMPORARY,"A1-27-101, Tulip Gardens, Alipore, Kolkata, West Bengal 700027",Nagole,040-77665544,PERSONAL,olivia.martin789@gmail.com,PERSONAL,RPT_1_72,RPT_2_72,RPT_3_72,RPT_4_72,RPT_5_72
I072,C_I_73,L_I_73,B_I_73,D_I_73,PS_B_73,aditya,nani,leeela,Anushka Bansal,Aryan Mehra,Arushi Khurana,Trisha Kapoor,Rohan Kapoor,14-06-1995,ZXCVB9512U,PA5245240,EPIC/7864 9021,333000345000,QWERT2345678901,27483105924,4956870312,U43218BR2020PTC,58204169370,RTYU67890Y,CITI7890123456,LOYAL91478625,UCIC300014664,2079341865230947,DG_1_73,DG_2_73,DG_3_73,DG_4_73,DG_5_73,DG_6_73,DG_7_73,DG_8_73,DG_9_73,DG_10_73,Finnone,Co-Applicant,Male,Corporate,Mother,Y,Ms,REMARK_73,"16-8-432/21M, Meadow Mews, Opposite Harmony Mall, Kukatpally, Hyderabad",Itarsi,110010,Himachal Pradesh,I~N*D%I_A,PERMANENT,"B2-28-567, Palm Grove Residency, Sector 45, Gurgaon, Haryana 122003",Mansoorabad,040-66554433,OFFICE,lucas.king234@outlook.com,PERMANENT,RPT_1_73,RPT_2_73,RPT_3_73,RPT_4_73,RPT_5_73
I073,C_I_74,L_I_74,B_I_74,D_I_74,PS_B_74,varma,joshna,raani,Nidhi Iyer,Anushka Bansal,Kabir Iyer,Vikram Bansal,Tanvi Bansal,02-09-1983,POIUY7536V,PA5245277,EPIC/3427 6518,444000456000,ASDFG3456789012,23854071692,3608912475,U76150TN2017PTC,41623908527,LKJH12345Z,BOB2345678901,LOYAL65789123,UCIC300014665,126534789012345,DG_1_74,DG_2_74,DG_3_74,DG_4_74,DG_5_74,DG_6_74,DG_7_74,DG_8_74,DG_9_74,DG_10_74,Finnone,Co-Applicant,Female,Corporate,Guardian,N,Sri,REMARK_74,"11-4-876/43B, Blissful Breeze, Near Grand Mall, Banjara Hills, Hyderabad",Katihar,201310,Arunachal Pradesh,I_n@d$i_A,TEMPORARY,"C3-29-890, Royal Heritage, Varthur, Bengaluru, Karnataka 560087",KPHB Colony,040-55443322,RESIDENCE,mia.cooper567@yahoo.com,TEMPORARY,RPT_1_74,RPT_2_74,RPT_3_74,RPT_4_74,RPT_5_74
I074,C_I_75,L_I_75,B_I_75,D_I_75,PS_B_75,sweta,samyuktha,raaaja,Vihaan Bansal,Nidhi Iyer,Nidhi Mehta,Anika Mehta,Vikram Kapoor,16-05-1977,LKJHG2587W,PA5245299,EPIC/5091 8743,555000567000,LKJHG4567890123,43096517284,8074523691,U21853KA2014PTC,70984635182,ZXCV56789A,IOB1234567890,LOYAL34271698,UCIC300014666,3947082567182036,DG_1_75,DG_2_75,DG_3_75,DG_4_75,DG_5_75,DG_6_75,DG_7_75,DG_8_75,DG_9_75,DG_10_75,Finacle,Co-Applicant,Female,Individual,Guardian,Y,Smt,REMARK_75,"15-2-210/76K, Kingston Kastle, Opposite Wellness Clinic, Gachibowli, Hyderabad",Kottarakkara,400010,Assam,I_N*D!i-A,TEMPORARY,"D4-30-101, Sun City Residency, Pimple Saudagar, Pune, Maharashtra 411027",Nizampet,040-44332211,PERSONAL,emily.fisher890@gmail.com,OFFICE,RPT_1_75,RPT_2_75,RPT_3_75,RPT_4_75,RPT_5_75
I075,C_I_76,L_I_76,B_I_76,D_I_76,PS_B_76,tanvi,saanvii,nag,Pari Khurana,Vihaan Bansal,Rohit Thakur,Yuvan Kapoor,Sneha Bansal,20-12-2004,QWERT1470X,PA5245322,EPIC/7213 3986,666000678000,POIUY5678901234,13489075263,1247935680,U59374GJ2011PTC,32861457905,NGPO87654B,DENA876543210,LOYAL89645321,UCIC300014667,8501362978439157,DG_1_76,DG_2_76,DG_3_76,DG_4_76,DG_5_76,DG_6_76,DG_7_76,DG_8_76,DG_9_76,DG_10_76,Finacle,Co-Applicant,Female,Individual,Mother,Y,Mr,REMARK_76,"18-7-654/32P, Paradise Place, Beside Oasis Park, Madhapur, Hyderabad",Motihari,500010,Bihar,I-N~D!i_a,PERMANENT,"E5-31-567, Silver Glades, Sector 23, Chandigarh 160023",Bachupally,040-33221100,RESIDENCE,ethan.wilson123@hotmail.com,PERSONAL,RPT_1_76,RPT_2_76,RPT_3_76,RPT_4_76,RPT_5_76
I076,C_I_77,L_I_77,B_I_77,D_I_77,PS_B_77,varun,sree leela,chaitu,Arnav Thakur,Pari Khurana,Sneha Bansal,Raghav Thakur,Kabir Kapoor,05-02-1987,ZXCVB3698Y,PA5245350,EPIC/8372 1564,777000789000,MNBVC6789012345,27369041582,6958301742,U92136UP2018PTC,50627394180,QWED23456C,UBI876543210,LOYAL51098237,UCIC300014668,2176495863048712,DG_1_77,DG_2_77,DG_3_77,DG_4_77,DG_5_77,DG_6_77,DG_7_77,DG_8_77,DG_9_77,DG_10_77,Finacle,Co-Applicant,Female,Individual,Mother,N,Mrs,REMARK_77,"14-5-543/87R, Royal Residency, Opposite Symphony Mall, Ameerpet, Hyderabad",Navsari,600010,Chhattisgarh,I@N_D^i!a,TEMPORARY,"F6-32-890, Harmony Homes, Velachery, Chennai, Tamil Nadu 600042",Miyapur,040-22110099,OFFICE,noah.scott456@yahoo.com,PERMANENT,RPT_1_77,RPT_2_77,RPT_3_77,RPT_4_77,RPT_5_77
I077,C_I_78,L_I_78,B_I_78,D_I_78,PS_B_78,harsha,srileela,siri,Ishita Sharma,Arnav Thakur,Vikram Iyer,Meera Bansal,Aisha Kapoor,10-06-1991,POIUY6321Z,PA5245388,EPIC/6905 4782,888000890000,ZXCVB7890123456,23978652401,2385640719,U36129DL2013PTC,98145023768,XCVB56789D,PNB123456789,LOYAL23781469,UCIC300014669,5492763821093847,DG_1_78,DG_2_78,DG_3_78,DG_4_78,DG_5_78,DG_6_78,DG_7_78,DG_8_78,DG_9_78,DG_10_78,Finnone,Co-Applicant,Female,Individual,Mother,N,Ms,REMARK_78,"8-3-210/32N, Nirvana Nagar, Near Wellness Clinic, Kukatpally, Hyderabad",Nizamabad,700010,Goa,I_N+D^i$a,PERMANENT,"G7-33-101, Pearl Plaza, Sector 20, Navi Mumbai, Maharashtra 410210",Bolarum,040-11009988,PERSONAL,ava.brown789@gmail.com,TEMPORARY,RPT_1_78,RPT_2_78,RPT_3_78,RPT_4_78,RPT_5_78
I078,C_I_79,L_I_79,B_I_79,D_I_79,PS_B_79,mehta,aryan,hema,Raghav Bansal,Ishita Sharma,Trisha Bansal,Aditi Kapoor,Yuvraj Thakur,27-01-1974,LKJHG7410A,PA5245415,EPIC/1846 9321,999000901000,QWERT8901234567,43124590768,4609257138,U50487RJ2010PTC,25781630494,ZAQW43210E,CANARA8765432,LOYAL65432198,UCIC300014670,3067489175238561,DG_1_79,DG_2_79,DG_3_79,DG_4_79,DG_5_79,DG_6_79,DG_7_79,DG_8_79,DG_9_79,DG_10_79,Finnone,Co-Applicant,Female,Individual,Mother,Y,Sri,REMARK_79,"17-9-432/65G, Green Glen, Beside Grand Mall, Banjara Hills, Hyderabad",Purnia,800010,Gujarat,I!n_d*i_A,TEMPORARY,"H8-34-567, Ivory Meadows, Sector 75, Noida, Uttar Pradesh 201301",Bowenpally,040-00998877,OFFICE,jacob.baker234@yahoo.com,OFFICE,RPT_1_79,RPT_2_79,RPT_3_79,RPT_4_79,RPT_5_79
I079,C_I_80,L_I_80,B_I_80,D_I_80,PS_B_80,divya,arhan,jayanth,Sneha Reddy,Raghav Bansal,Raghav Thakur,Varun Iyer,Aarav Mehta,03-09-1999,QWERT2587B,PA5245430,EPIC/4357 6198,111222333444,POIUY9012345678,13846029517,9713285064,U73215MP2015PTC,64319827506,MNBV78901F,INDUS456789012,LOYAL48931267,UCIC300014671,7814205936478923,DG_1_80,DG_2_80,DG_3_80,DG_4_80,DG_5_80,DG_6_80,DG_7_80,DG_8_80,DG_9_80,DG_10_80,Finnone,Co-Applicant,Male,Individual,Guardian,Y,Smt,REMARK_80,"12-7-654/32R, Radiant Residency, Opposite Harmony Mall,",Ratlam,900010,Haryana,I^N%Di$a,PERMANENT,"I9-35-890, Emerald Enclave, Whitefield, Bengaluru, Karnataka 560066",Alwal,040-99887766,RESIDENCE,sophia.evans890@hotmail.com,PERSONAL,RPT_1_80,RPT_2_80,RPT_3_80,RPT_4_80,RPT_5_80
I080,C_I_81,L_I_81,B_I_81,D_I_81,PS_B_81,agarval,arhan,sai,Kabir Kumar,Sneha Reddy,Aarav Bansal,Tanay Kapoor,Anushka Kapoor,26-06-1994,ZXCVB9634C,PA5245466,EPIC/8769 2031,222333444555,MNBVC0123456789,27549031268,3184765920,U92054KL2012PTC,48503219763,POIU34567G,BOI987654321,LOYAL17639854,UCIC300014672,4321678901523487,DG_1_81,DG_2_81,DG_3_81,DG_4_81,DG_5_81,DG_6_81,DG_7_81,DG_8_81,DG_9_81,DG_10_81,Finnone,Applicant,Male,Corporate,Father,N,Mr,REMARK_81,"32-5-678/43W, Windy Residency, Near Harmony Mall, Andheri, Mumbai, Maharashtra",Saharsa,110011,Himachal Pradesh,I@n_d!i-A,TEMPORARY,"J10-36-101, Ruby Residency, Malad West, Mumbai, Maharashtra 400064",Trimulgherry,040-98776655,PERSONAL,logan.young123@gmail.com,PERMANENT,RPT_1_81,RPT_2_81,RPT_3_81,RPT_4_81,RPT_5_81
I081,C_I_82,L_I_82,B_I_82,D_I_82,PS_B_82,naina,rohiy,kumar,Aditya Khurana,Kabir Kumar,Tanisha Thakur,Nisha Thakur,Arushi Thakur,07-03-1986,POIUY1470D,PA5245499,EPIC/3124 7945,333444555666,ZXCVB1234567890,23190786425,6850421937,U48261BR2011PTC,91265734078,RTYU67890H,AXIS65432109,LOYAL92578346,UCIC300014673,4169325870156892,DG_1_82,DG_2_82,DG_3_82,DG_4_82,DG_5_82,DG_6_82,DG_7_82,DG_8_82,DG_9_82,DG_10_82,Finacle,Applicant,Female,Corporate,Spouse,Y,Mrs,REMARK_82,"14-8-432/21D, Diamond Towers, Opposite Infinity Mall, Colaba, Mumbai, Maharashtra",Sambhal,201311,Jharkhand,I-N*D^I+A,TEMPORARY,"K11-37-567, Rosewood Towers, Gomti Nagar, Lucknow, Uttar Pradesh 226010",Malkajgiri,040-87665544,RESIDENCE,olivia.taylor456@outlook.com,TEMPORARY,RPT_1_82,RPT_2_82,RPT_3_82,RPT_4_82,RPT_5_82
I082,C_I_83,L_I_83,B_I_83,D_I_83,PS_B_83,kirti,kumar,sai kumar rddy,Tanvi Mehra,Aditya Khurana,Arjun Iyer,Aryan Thakur,Dev Kapoor,28-11-1985,LKJHG3698E,PA5245525,EPIC/5471 5682,444555666777,QWERT2345678901,43287360915,5938174206,U89247TN2014PTC,36750124895,LKJH12345J,ICICI78901234,LOYAL63024718,UCIC300014674,6932187452063419,DG_1_83,DG_2_83,DG_3_83,DG_4_83,DG_5_83,DG_6_83,DG_7_83,DG_8_83,DG_9_83,DG_10_83,Finacle,Co-Applicant,Male,Corporate,Spouse,N,Ms,REMARK_83,"19-6-789/32L, Lotus Lane, Beside Oasis Park, Malad, Mumbai, Maharashtra",Srikakulam,400011,Karnataka,I-N D_i^A,PERMANENT,"L12-38-890, Platinum Springs, Kalyan West, Thane, Maharashtra 421301",Tukkuguda,040-76554433,OFFICE,emma.hill789@yahoo.com,OFFICE,RPT_1_83,RPT_2_83,RPT_3_83,RPT_4_83,RPT_5_83
I083,C_I_84,L_I_84,B_I_84,D_I_84,PS_B_84,kapoor,raani,tulsi,Varun Thakur,Tanvi Mehra,Pari Iyer,Sanjana Kapoor,Kriti Bansal,03-09-1973,QWERT7412F,PA5245540,EPIC/9502 3417,555666777888,ASDFG3456789012,13029587463,7248690315,U27134KA2017PTC,50931476820,ZXCV56789K,SBI974562256,LOYAL21893475,UCIC300014675,4078591368243056,DG_1_84,DG_2_84,DG_3_84,DG_4_84,DG_5_84,DG_6_84,DG_7_84,DG_8_84,DG_9_84,DG_10_84,Finacle,Co-Applicant,Female,Corporate,Father,N,Smt,REMARK_84,"11-3-210/76R, Radiant Residency, Near Symphony Mall, Juhu, Mumbai, Maharashtra",Tenali,500011,Kerala,I_N!D~I!A,TEMPORARY,"M13-39-101, Sapphire Gardens, Sector 50, Gurugram, Haryana 122018",Rajendranagar,040-65443322,PERSONAL,liam.miller234@gmail.com,PERSONAL,RPT_1_84,RPT_2_84,RPT_3_84,RPT_4_84,RPT_5_84
I084,C_I_85,L_I_85,B_I_85,D_I_85,PS_B_85,arnav,raaja,darma,Aaradhya Bansal,Varun Thakur,Nisha Khurana,Kriti Kapoor,Saanvi Bansal,14-04-2000,ZXCVB2587G,PA5245577,EPIC/6048 7891,666777888999,LKJHG4567890123,27861594032,4061852793,U60315GJ2022PTC,62419830757,NGPO87654L,HDFC22233358,LOYAL47586931,UCIC300014676,2840365798127045,DG_1_85,DG_2_85,DG_3_85,DG_4_85,DG_5_85,DG_6_85,DG_7_85,DG_8_85,DG_9_85,DG_10_85,CRMS,Co-Applicant,Male,Corporate,Guardian,Y,Sri,REMARK_85,"18-7-654/32S, Serene Enclave, Opposite Wellness Clinic, Powai, Mumbai, Maharashtra",Una,600011,Madhya Pradesh,I-N D_I^A,PERMANENT,"N14-40-567, Diamond Hills, Aundh, Pune, Maharashtra 411007",Ghatkesar,040-54332211,OFFICE,chloe.anderson567@yahoo.com,PERMANENT,RPT_1_85,RPT_2_85,RPT_3_85,RPT_4_85,RPT_5_85
I085,C_I_86,L_I_86,B_I_86,D_I_86,PS_B_86,ayeesha,anushka,rajesh,Anjali Iyer,Aaradhya Bansal,Yuvraj Thakur,Arnav Bansal,Aarush Kapoor,18-10-1988,POIUY3698H,PA5245600,EPIC/1365 2517,777888999000,POIUY5678901234,23489051276,1572948036,U43927UP2019PTC,73819546201,QWED23456M,ABN456987213,LOYAL89315627,UCIC300014677,5397186204532708,DG_1_86,DG_2_86,DG_3_86,DG_4_86,DG_5_86,DG_6_86,DG_7_86,DG_8_86,DG_9_86,DG_10_86,Finnone,Co-Applicant,Female,Corporate,Mother,Y,Mr,REMARK_86,"12-5-543/87N, Nirvana Nagar, Beside Harmony Mall, Bandra, Mumbai, Maharashtra",Vellore,700011,Maharashtra,I-N!D!i_A,TEMPORARY,"O15-41-890, Maple Court, Wakad, Pune, Maharashtra 411057",Jubilee Hills,040-43221100,RESIDENCE,noah.jackson890@hotmail.com,TEMPORARY,RPT_1_86,RPT_2_86,RPT_3_86,RPT_4_86,RPT_5_86
I086,C_I_87,L_I_87,B_I_87,D_I_87,PS_B_87,rohit,pari,shekar,Rohit Bansal,Anjali Iyer,Sneha Mehta,Saanvi Bansal,Tanvi Thakur,11-03-1976,LKJHG6321I,PA5245633,EPIC/7912 4638,888999000111,MNBVC6789012345,43925761084,8395612470,U12680DL2016PTC,28065431987,XCVB56789N,AXIS65432109,LOYAL56791824,UCIC300014678,6205134889763412,DG_1_87,DG_2_87,DG_3_87,DG_4_87,DG_5_87,DG_6_87,DG_7_87,DG_8_87,DG_9_87,DG_10_87,Finnone,Co-Applicant,Male,Individual,Mother,N,Mrs,REMARK_87,"21-2-345/65A, Alpha Apartments, Near Grand Mall, Worli, Mumbai, Maharashtra",Vidisha,800011,Manipur,I-N D_i_A,TEMPORARY,"P16-42-101, Orchid Residency, Sector 22, Noida",Kondapur,040-32110099,PERSONAL,ava.williams123@yahoo.com,OFFICE,RPT_1_87,RPT_2_87,RPT_3_87,RPT_4_87,RPT_5_87
I087,C_I_88,L_I_88,B_I_88,D_I_88,PS_B_88,sharma,verma,shankker,Kirti Thakur,Rohit Bansal,Aisha Iyer,Armaan Kapoor,Pari Kapoor,05-07-2001,QWERT9631J,PA5245655,EPIC/4283 6079,999000111222,ZXCVB7890123456,13768249015,3629841057,U56432RJ2018PTC,39587024613,ZAQW43210P,PNB123456789,LOYAL34298516,UCIC300014679,8749502661382094,DG_1_88,DG_2_88,DG_3_88,DG_4_88,DG_5_88,DG_6_88,DG_7_88,DG_8_88,DG_9_88,DG_10_88,Finacle,Applicant,Female,Individual,Guardian,Y,Ms,REMARK_88,"16-9-432/43G, Green Glades, Beside Oasis Park, Vashi, Navi Mumbai, Maharashtra",Waidhan,900011,Meghalaya,I~N*D%i$a,PERMANENT,"Q17-43-567, Krishna Vihar, Banjara Hills, Hyderabad, Telangana 500034",Begumpet,040-21009988,RESIDENCE,ethan.hall456@gmail.com,PERMANENT,RPT_1_88,RPT_2_88,RPT_3_88,RPT_4_88,RPT_5_88
I088,C_I_89,L_I_89,B_I_89,D_I_89,PS_B_89,singh,anaay,shanker,Aryan Bansal,Kirti Thakur,Kabir Bansal,Aarush Thakur,Vihaan Thakur,18-02-1984,ZXCVB1470K,PA5245688,EPIC/3652 9184,111222333444,QWERT8901234567,27536940821,5083716942,U81236MP2012PTC,54690183274,MNBV78901Q,KVB5678901234,LOYAL72136589,UCIC300014680,3452678192035648,DG_1_89,DG_2_89,DG_3_89,DG_4_89,DG_5_89,DG_6_89,DG_7_89,DG_8_89,DG_9_89,DG_10_89,Finacle,Applicant,Male,Individual,Father,N,Smt,REMARK_89,"10-4-876/32P, Paradise Place, Opposite Dreamland Theater, Thane, Maharashtra",Yavatmal,110012,Mizoram,I_N*D!_A,TEMPORARY,"R18-44-890, Silver Creek Apartments, JP Nagar, Bengaluru, Karnataka 560078",Banjara Hills,040-10998877,OFFICE,mia.brooks789@hotmail.com,PERSONAL,RPT_1_89,RPT_2_89,RPT_3_89,RPT_4_89,RPT_5_89
I089,C_I_90,L_I_90,B_I_90,D_I_90,PS_B_90,menon,anaya,chaitu,Arushi Iyer,Aryan Bansal,Vihaan Kapoor,Tanvi Bansal,Arnav Mehta,20-05-1985,POIUY7412L,PA5245705,EPIC/9187 5746,222333444555,POIUY9012345678,23791584620,7269358104,U49075KL2015PTC,17463250890,POIU34567R,UNION87654321,LOYAL48632157,UCIC300014681,1209385764763125,DG_1_90,DG_2_90,DG_3_90,DG_4_90,DG_5_90,DG_6_90,DG_7_90,DG_8_90,DG_9_90,DG_10_90,Finacle,Applicant,Female,Individual,Spouse,N,Sri,REMARK_90,"23-7-654/43L, Luminous Lane, Near Urban Park, Kalyan, Maharashtra",Zirakpur,201312,Nagaland,I^N-D!_A,PERMANENT,"S19-45-101, Palm Grove Residency, Sector 44, Noida, Uttar Pradesh 201303",Hitech City,040-99887766,PERSONAL,sophia.bell234@yahoo.com,TEMPORARY,RPT_1_90,RPT_2_90,RPT_3_90,RPT_4_90,RPT_5_90
I090,C_I_91,L_I_91,B_I_91,D_I_91,PS_B_91,zara,kabir,virat,Yuvraj Bansal,Arushi Iyer,Ananya Bansal,Advait Mehta,Aanya Bansal,07-03-1998,LKJHG2587M,PA5245730,EPIC/6541 8209,987654321987,MNBVC0123456789,43126478059,8712093456,U98462BR2013PTC,86019247385,RTYU67890S,RBL7654321098,LOYAL15982473,UCIC300014682,7563240891374852,DG_1_91,DG_2_91,DG_3_91,DG_4_91,DG_5_91,DG_6_91,DG_7_91,DG_8_91,DG_9_91,DG_10_91,Finnone,Co-Applicant,Male,Individual,Spouse,Y,Mr,REMARK_91,"17-5-678/21R, Royal Residency, Opposite Symphony Mall, Pune, Maharashtra",Chhindwara,400012,Odisha,I_N!D~I!A,TEMPORARY,"T20-46-567, Lotus Gardens, Vashi, Navi Mumbai, Maharashtra 400703",Gachibowli,040-00112233,RESIDENCE,lucas.campbell567@gmail.com,OFFICE,RPT_1_91,RPT_2_91,RPT_3_91,RPT_4_91,RPT_5_91
I091,C_I_92,L_I_92,B_I_92,D_I_92,PS_B_92,virat,patel,kohlu,Sneha Sharma,Yuvraj Bansal,Dev Thakur,Anushka Kapoor,Raghav Kapoor,11-10-1989,QWERT9512N,PA5245766,EPIC/2976 1345,567890123456,ZXCVB1234567890,13478956203,5624871039,U32947TN2010PTC,43298576104,LKJH12345T,BOB2345678901,LOYAL63785421,UCIC300014683,4809726354126987,DG_1_92,DG_2_92,DG_3_92,DG_4_92,DG_5_92,DG_6_92,DG_7_92,DG_8_92,DG_9_92,DG_10_92,Finnone,Applicant,Male,Individual,Spouse,N,Mrs,REMARK_92,"13-1-432/76D, Diamond Dreams, Beside Oasis Park, Kothrud, Pune, Maharashtra",Godhra,500012,Punjab,I#N~D%I^A,PERMANENT,"U21-47-890, Blue Bells Residency, Pashan, Pune, Maharashtra 411021",Secunderabad,040-11223344,OFFICE,olivia.ward890@yahoo.com,PERMANENT,RPT_1_92,RPT_2_92,RPT_3_92,RPT_4_92,RPT_5_92
I092,C_I_93,L_I_93,B_I_93,D_I_93,PS_B_93,riya,rajesh,kohli,Karthik Iyer,Sneha Sharma,Ishika Mehta,Rohit Thakur,Ishita Bansal,06-05-1997,ZXCVB7536O,PA5245790,EPIC/5098 7462,876543210876,QWERT2345678901,27239051648,2398561740,U57438KA2016PTC,59708361420,ZXCV56789U,HDFC22233358,LOYAL29871345,UCIC300014684,8742193650432816,DG_1_93,DG_2_93,DG_3_93,DG_4_93,DG_5_93,DG_6_93,DG_7_93,DG_8_93,DG_9_93,DG_10_93,Finnone,Applicant,Male,Individual,Spouse,N,Ms,REMARK_93,"19-6-789/32R, Radiant Residency, Opposite Harmony Mall, Wakad, Pune, Maharashtra",Hajipur,600012,Rajasthan,I*N~D_I^A,TEMPORARY,"V22-48-101, Royal Residency, Rajouri Garden, New Delhi 110027",Ameerpet,040-22334455,PERSONAL,jacob.roberts123@hotmail.com,PERSONAL,RPT_1_93,RPT_2_93,RPT_3_93,RPT_4_93,RPT_5_93
I093,C_I_94,L_I_94,B_I_94,D_I_94,PS_B_94,vivan,ramesh,kranthi,Anushka Thakur,Karthik Iyer,Aryan Kapoor,Ishika Bansal,Kabir Thakur,19-04-1978,POIUY3698P,PA5245825,EPIC/8624 3159,789012345678,ASDFG3456789012,23165480927,6954138270,U76123GJ2021PTC,21384765098,NGPO87654V,CANARA8765432,LOYAL78456213,UCIC300014685,6784205914368712,DG_1_94,DG_2_94,DG_3_94,DG_4_94,DG_5_94,DG_6_94,DG_7_94,DG_8_94,DG_9_94,DG_10_94,Finnone,Co-Applicant,Male,Individual,Spouse,Y,Smt,REMARK_94,"14-5-543/87P, Pearl Plaza, Near Wellness Clinic, Magarpatta, Pune, Maharashtra",Imphal,700012,Sikkim,I-N^D!i-A,TEMPORARY,"W23-49-567, Harmony Homes, Hebbal, Bengaluru, Karnataka 560024",LB Nagar,040-33445566,OFFICE,emily.garcia456@yahoo.com,TEMPORARY,RPT_1_94,RPT_2_94,RPT_3_94,RPT_4_94,RPT_5_94
I094,C_I_95,L_I_95,B_I_95,D_I_95,PS_B_95,kabir,roja,abhi,Dev Bansal,Anushka Thakur,Priya Bansal,Adarsh Thakur,Nisha Bansal,02-12-1991,LKJHG6321Q,PA5245855,EPIC/4235 5801,345678901234,LKJHG4567890123,43805267914,1847325069,U43951UP2011PTC,64532917804,QWED23456W,IOB1234567890,LOYAL51349786,UCIC300014686,3216594720856374,DG_1_95,DG_2_95,DG_3_95,DG_4_95,DG_5_95,DG_6_95,DG_7_95,DG_8_95,DG_9_95,DG_10_95,Finacle,Applicant,Male,Individual,Father,N,Sri,REMARK_95,"8-3-210/32D, Diamond Dreams, Opposite Grand Mall, Kondhwa, Pune, Maharashtra",Jamnagar,800012,Tamil Nadu,I~N*D!i_A,PERMANENT,"X24-50-890, Emerald Enclave, Chetpet, Chennai, Tamil Nadu 600031",Khairatabad,040-44556677,RESIDENCE,noah.cook789@gmail.com,OFFICE,RPT_1_95,RPT_2_95,RPT_3_95,RPT_4_95,RPT_5_95
I095,C_I_96,L_I_96,B_I_96,D_I_96,PS_B_96,patel,mira,puppy,Ishika Mehta,Dev Bansal,Adarsh Thakur,Pari Kapoor,Rohan Thakur,25-01-1974,QWERT7410R,PA5245877,EPIC/6701 9423,890123456789,POIUY5678901234,13275948061,3279508164,U67524DL2017PTC,78096523149,XCVB56789X,KVB5678901234,LOYAL67214598,UCIC300014687,2098543761827456,DG_1_96,DG_2_96,DG_3_96,DG_4_96,DG_5_96,DG_6_96,DG_7_96,DG_8_96,DG_9_96,DG_10_96,Finacle,Co-Applicant,Male,Corporate,Father,Y,Mr,REMARK_96,"17-9-432/65N, Nirvana Nagar, Beside Symphony Mall, Aundh, Pune, Maharashtra",Kanchipuram,900012,Telangana,I~n+d_i*A,TEMPORARY,"Y25-51-101, Silver Springs, Sector 56, Gurugram, Haryana 122011",Somajiguda,040-55667788,PERSONAL,chloe.rogers234@hotmail.com,PERMANENT,RPT_1_96,RPT_2_96,RPT_3_96,RPT_4_96,RPT_5_96
I096,C_I_97,L_I_97,B_I_97,D_I_97,PS_B_97,shiavkanth,singh,harika,Aarav Bansal,Ishika Mehta,Kavya Thakur,Vihaan Thakur,Aisha Mehta,10-08-1995,ZXCVB2587S,PA5245903,EPIC/1584 7093,543210987654,MNBVC6789012345,27934185602,5086942713,U28143RJ2014PTC,49831250763,ZAQW43210Y,HSBC543210987,LOYAL34967812,UCIC300014688,5871346293052184,DG_1_97,DG_2_97,DG_3_97,DG_4_97,DG_5_97,DG_6_97,DG_7_97,DG_8_97,DG_9_97,DG_10_97,Finacle,Applicant,Male,Corporate,Father,N,Mrs,REMARK_97,"12-7-654/32B, Blissful Breeze, Near Infinity Mall, Hadapsar, Pune, Maharashtra",Loni,110013,Tripura,I^N D!i A,PERMANENT,"Z26-52-567, Pearl Paradise, Vijayawada, Andhra Pradesh 520001",Himayath Nagar,040-66778899,RESIDENCE,liam.jones567@yahoo.com,TEMPORARY,RPT_1_97,RPT_2_97,RPT_3_97,RPT_4_97,RPT_5_97
I097,C_I_98,L_I_98,B_I_98,D_I_98,PS_B_98,khan,souwmya,kavya,Sweta Khurana,Aarav Bansal,Saanvi Bansal,Aaradhya Bansal,Vihaan Kapoor,09-11-1982,POIUY9631T,PA5245922,EPIC/7963 4521,987654321098,ZXCVB7890123456,23647091825,9412376058,U50736MP2018PTC,13679584201,MNBV78901A,VIJAYA890123456,LOYAL82513647,UCIC300014689,4653871203498652,DG_1_98,DG_2_98,DG_3_98,DG_4_98,DG_5_98,DG_6_98,DG_7_98,DG_8_98,DG_9_98,DG_10_98,CRMS,Co-Applicant,Male,Corporate,Guardian,Y,Ms,REMARK_98,"16-2-345/76M, Meadow Mews, Opposite Wellness Clinic, Bibwewadi, Pune, Maharashtra",Meerut,201313,Uttar Pradesh,I@N!D-I_A,TEMPORARY,"A1-27-53-890, Blossom County, Baner, Pune, Maharashtra 411045",Malakpet,040-77889900,OFFICE,ava.bell890@gmail.com,PERSONAL,RPT_1_98,RPT_2_98,RPT_3_98,RPT_4_98,RPT_5_98
I098,C_I_99,L_I_99,B_I_99,D_I_99,PS_B_99,reddy,kirti,kavya reddy,Kabir Mehta,Sweta Khurana,Arnav Iyer,Nidhi Kapoor,Pooja Bansal,21-02-1997,LKJHG1470U,PA5245948,EPIC/3402 6875,765432109876,QWERT8901234567,43120857469,7601823549,U93417KL2012PTC,57240918346,POIU34567B,BAJAJ7654321098,LOYAL46178923,UCIC300014690,8312469587205437,DG_1_99,DG_2_99,DG_3_99,DG_4_99,DG_5_99,DG_6_99,DG_7_99,DG_8_99,DG_9_99,DG_10_99,CRMS,Applicant,Female,Corporate,Guardian,Y,Smt,REMARK_99,"21-5-678/32G, Green Glen, Beside Harmony Mall, Viman Nagar, Pune, Maharashtra",Noida,400013,Uttarakhand,I-N D^I%A,TEMPORARY,"B2-28-54-101, Sapphire Gardens, Anna Nagar, Chennai, Tamil Nadu 600040",Dilsukhnagar,040-88990011,PERSONAL,ethan.morris123@yahoo.com,OFFICE,RPT_1_99,RPT_2_99,RPT_3_99,RPT_4_99,RPT_5_99
I099,C_I_100,L_I_100,B_I_100,D_I_100,PS_B_100,ammulu,deepthi,k kavya reddy,sai,Kabir Mehta,Nidhi Thakur,Rohan Kapoor,Aarav Bansal,30-07-1984,QWERT3698V,PA5245988,EPIC/5931 2746,234567890123,POIUY9012345678,13496270851,4532987160,U21938BR2019PTC,81934076525,RTYU67890C,INDUS456789012,LOYAL93758246,UCIC300014691,7052198346712345,DG_1_100,DG_2_100,DG_3_100,DG_4_100,DG_5_100,DG_6_100,DG_7_100,DG_8_100,DG_9_100,DG_10_100,CRMS,Applicant,Female,Corporate,Mother,N,Sri,REMARK_100,"10-8-876/43R, Royal Residency, Opposite Oasis Park, Shivaji Nagar, Pune, Maharashtra",Panchkula,500013,West Bengal,I-N D!i^A,PERMANENT,"C3-29-55-567, Platinum Springs, Sector 15, Faridabad, Haryana 121002",Jubilee Hills,040-99001122,OFFICE,mia.morgan456@hotmail.com,PERMANENT,RPT_1_100,RPT_2_100,RPT_3_100,RPT_4_100,RPT_5_100
